P,urn:nasa:pds:magellan_midr:data:c1midr_00n009_1::1.0
P,urn:nasa:pds:magellan_midr:data:c1midr_00n009_301::1.0
P,urn:nasa:pds:magellan_midr:data:c1midr_00n026_1::1.0
P,urn:nasa:pds:magellan_midr:data:c1midr_00n026_2::1.0
P,urn:nasa:pds:magellan_midr:data:c1midr_00n026_301::1.0
P,urn:nasa:pds:magellan_midr:data:c1midr_00n043_201::1.0
P,urn:nasa:pds:magellan_midr:data:c1midr_00n060_1::1.0
P,urn:nasa:pds:magellan_midr:data:c1midr_00n060_201::1.0
P,urn:nasa:pds:magellan_midr:data:c1midr_00n060_202::1.0
P,urn:nasa:pds:magellan_midr:data:c1midr_00n060_301::1.0
P,urn:nasa:pds:magellan_midr:data:c1midr_00n077_1::1.0
P,urn:nasa:pds:magellan_midr:data:c1midr_00n077_201::1.0
P,urn:nasa:pds:magellan_midr:data:c1midr_00n077_301::1.0
P,urn:nasa:pds:magellan_midr:data:c1midr_00n095_1::1.0
P,urn:nasa:pds:magellan_midr:data:c1midr_00n095_201::1.0
P,urn:nasa:pds:magellan_midr:data:c1midr_00n095_2::1.0
P,urn:nasa:pds:magellan_midr:data:c1midr_00n095_301::1.0
P,urn:nasa:pds:magellan_midr:data:c1midr_00n112_1::1.0
P,urn:nasa:pds:magellan_midr:data:c1midr_00n112_201::1.0
P,urn:nasa:pds:magellan_midr:data:c1midr_00n112_2::1.0
P,urn:nasa:pds:magellan_midr:data:c1midr_00n112_301::1.0
P,urn:nasa:pds:magellan_midr:data:c1midr_00n129_1::1.0
P,urn:nasa:pds:magellan_midr:data:c1midr_00n129_301::1.0
P,urn:nasa:pds:magellan_midr:data:c1midr_00n146_1::1.0
P,urn:nasa:pds:magellan_midr:data:c1midr_00n146_201::1.0
P,urn:nasa:pds:magellan_midr:data:c1midr_00n146_301::1.0
P,urn:nasa:pds:magellan_midr:data:c1midr_00n163_1::1.0
P,urn:nasa:pds:magellan_midr:data:c1midr_00n163_201::1.0
P,urn:nasa:pds:magellan_midr:data:c1midr_00n163_301::1.0
P,urn:nasa:pds:magellan_midr:data:c1midr_00n180_1::1.0
P,urn:nasa:pds:magellan_midr:data:c1midr_00n180_201::1.0
P,urn:nasa:pds:magellan_midr:data:c1midr_00n180_301::1.0
P,urn:nasa:pds:magellan_midr:data:c1midr_00n197_1::1.0
P,urn:nasa:pds:magellan_midr:data:c1midr_00n197_201::1.0
P,urn:nasa:pds:magellan_midr:data:c1midr_00n215_1::1.0
P,urn:nasa:pds:magellan_midr:data:c1midr_00n215_201::1.0
P,urn:nasa:pds:magellan_midr:data:c1midr_00n232_1::1.0
P,urn:nasa:pds:magellan_midr:data:c1midr_00n249_1::1.0
P,urn:nasa:pds:magellan_midr:data:c1midr_00n266_1::1.0
P,urn:nasa:pds:magellan_midr:data:c1midr_00n283_1::1.0
P,urn:nasa:pds:magellan_midr:data:c1midr_00n283_201::1.0
P,urn:nasa:pds:magellan_midr:data:c1midr_00n300_1::1.0
P,urn:nasa:pds:magellan_midr:data:c1midr_00n300_201::1.0
P,urn:nasa:pds:magellan_midr:data:c1midr_00n317_1::1.0
P,urn:nasa:pds:magellan_midr:data:c1midr_00n317_201::1.0
P,urn:nasa:pds:magellan_midr:data:c1midr_00n317_301::1.0
P,urn:nasa:pds:magellan_midr:data:c1midr_00n335_1::1.0
P,urn:nasa:pds:magellan_midr:data:c1midr_00n335_301::1.0
P,urn:nasa:pds:magellan_midr:data:c1midr_00n352_1::1.0
P,urn:nasa:pds:magellan_midr:data:c1midr_15n009_1::1.0
P,urn:nasa:pds:magellan_midr:data:c1midr_15n009_301::1.0
P,urn:nasa:pds:magellan_midr:data:c1midr_15n026_1::1.0
P,urn:nasa:pds:magellan_midr:data:c1midr_15n026_2::1.0
P,urn:nasa:pds:magellan_midr:data:c1midr_15n026_301::1.0
P,urn:nasa:pds:magellan_midr:data:c1midr_15n043_201::1.0
P,urn:nasa:pds:magellan_midr:data:c1midr_15n043_301::1.0
P,urn:nasa:pds:magellan_midr:data:c1midr_15n060_1::1.0
P,urn:nasa:pds:magellan_midr:data:c1midr_15n060_201::1.0
P,urn:nasa:pds:magellan_midr:data:c1midr_15n060_202::1.0
P,urn:nasa:pds:magellan_midr:data:c1midr_15n060_301::1.0
P,urn:nasa:pds:magellan_midr:data:c1midr_15n077_1::1.0
P,urn:nasa:pds:magellan_midr:data:c1midr_15n077_201::1.0
P,urn:nasa:pds:magellan_midr:data:c1midr_15n077_301::1.0
P,urn:nasa:pds:magellan_midr:data:c1midr_15n095_1::1.0
P,urn:nasa:pds:magellan_midr:data:c1midr_15n095_201::1.0
P,urn:nasa:pds:magellan_midr:data:c1midr_15n095_2::1.0
P,urn:nasa:pds:magellan_midr:data:c1midr_15n095_301::1.0
P,urn:nasa:pds:magellan_midr:data:c1midr_15n112_1::1.0
P,urn:nasa:pds:magellan_midr:data:c1midr_15n112_201::1.0
P,urn:nasa:pds:magellan_midr:data:c1midr_15n112_2::1.0
P,urn:nasa:pds:magellan_midr:data:c1midr_15n129_1::1.0
P,urn:nasa:pds:magellan_midr:data:c1midr_15n129_301::1.0
P,urn:nasa:pds:magellan_midr:data:c1midr_15n146_1::1.0
P,urn:nasa:pds:magellan_midr:data:c1midr_15n146_301::1.0
P,urn:nasa:pds:magellan_midr:data:c1midr_15n163_1::1.0
P,urn:nasa:pds:magellan_midr:data:c1midr_15n163_301::1.0
P,urn:nasa:pds:magellan_midr:data:c1midr_15n180_1::1.0
P,urn:nasa:pds:magellan_midr:data:c1midr_15n180_301::1.0
P,urn:nasa:pds:magellan_midr:data:c1midr_15n197_1::1.0
P,urn:nasa:pds:magellan_midr:data:c1midr_15n215_1::1.0
P,urn:nasa:pds:magellan_midr:data:c1midr_15n232_1::1.0
P,urn:nasa:pds:magellan_midr:data:c1midr_15n249_1::1.0
P,urn:nasa:pds:magellan_midr:data:c1midr_15n266_1::1.0
P,urn:nasa:pds:magellan_midr:data:c1midr_15n283_1::1.0
P,urn:nasa:pds:magellan_midr:data:c1midr_15n300_1::1.0
P,urn:nasa:pds:magellan_midr:data:c1midr_15n317_1::1.0
P,urn:nasa:pds:magellan_midr:data:c1midr_15n317_301::1.0
P,urn:nasa:pds:magellan_midr:data:c1midr_15n335_1::1.0
P,urn:nasa:pds:magellan_midr:data:c1midr_15n335_201::1.0
P,urn:nasa:pds:magellan_midr:data:c1midr_15n335_2::1.0
P,urn:nasa:pds:magellan_midr:data:c1midr_15n335_301::1.0
P,urn:nasa:pds:magellan_midr:data:c1midr_15n352_1::1.0
P,urn:nasa:pds:magellan_midr:data:c1midr_15n352_301::1.0
P,urn:nasa:pds:magellan_midr:data:c1midr_15s009_1::1.0
P,urn:nasa:pds:magellan_midr:data:c1midr_15s009_301::1.0
P,urn:nasa:pds:magellan_midr:data:c1midr_15s026_1::1.0
P,urn:nasa:pds:magellan_midr:data:c1midr_15s026_201::1.0
P,urn:nasa:pds:magellan_midr:data:c1midr_15s026_2::1.0
P,urn:nasa:pds:magellan_midr:data:c1midr_15s026_301::1.0
P,urn:nasa:pds:magellan_midr:data:c1midr_15s043_201::1.0
P,urn:nasa:pds:magellan_midr:data:c1midr_15s060_1::1.0
P,urn:nasa:pds:magellan_midr:data:c1midr_15s060_201::1.0
P,urn:nasa:pds:magellan_midr:data:c1midr_15s060_202::1.0
P,urn:nasa:pds:magellan_midr:data:c1midr_15s060_301::1.0
P,urn:nasa:pds:magellan_midr:data:c1midr_15s077_1::1.0
P,urn:nasa:pds:magellan_midr:data:c1midr_15s077_201::1.0
P,urn:nasa:pds:magellan_midr:data:c1midr_15s077_301::1.0
P,urn:nasa:pds:magellan_midr:data:c1midr_15s095_1::1.0
P,urn:nasa:pds:magellan_midr:data:c1midr_15s095_201::1.0
P,urn:nasa:pds:magellan_midr:data:c1midr_15s095_2::1.0
P,urn:nasa:pds:magellan_midr:data:c1midr_15s095_301::1.0
P,urn:nasa:pds:magellan_midr:data:c1midr_15s112_1::1.0
P,urn:nasa:pds:magellan_midr:data:c1midr_15s112_201::1.0
P,urn:nasa:pds:magellan_midr:data:c1midr_15s112_2::1.0
P,urn:nasa:pds:magellan_midr:data:c1midr_15s112_301::1.0
P,urn:nasa:pds:magellan_midr:data:c1midr_15s129_1::1.0
P,urn:nasa:pds:magellan_midr:data:c1midr_15s129_201::1.0
P,urn:nasa:pds:magellan_midr:data:c1midr_15s129_301::1.0
P,urn:nasa:pds:magellan_midr:data:c1midr_15s146_1::1.0
P,urn:nasa:pds:magellan_midr:data:c1midr_15s146_201::1.0
P,urn:nasa:pds:magellan_midr:data:c1midr_15s146_301::1.0
P,urn:nasa:pds:magellan_midr:data:c1midr_15s163_1::1.0
P,urn:nasa:pds:magellan_midr:data:c1midr_15s163_201::1.0
P,urn:nasa:pds:magellan_midr:data:c1midr_15s163_301::1.0
P,urn:nasa:pds:magellan_midr:data:c1midr_15s180_1::1.0
P,urn:nasa:pds:magellan_midr:data:c1midr_15s180_201::1.0
P,urn:nasa:pds:magellan_midr:data:c1midr_15s180_301::1.0
P,urn:nasa:pds:magellan_midr:data:c1midr_15s197_1::1.0
P,urn:nasa:pds:magellan_midr:data:c1midr_15s197_201::1.0
P,urn:nasa:pds:magellan_midr:data:c1midr_15s215_1::1.0
P,urn:nasa:pds:magellan_midr:data:c1midr_15s215_201::1.0
P,urn:nasa:pds:magellan_midr:data:c1midr_15s232_1::1.0
P,urn:nasa:pds:magellan_midr:data:c1midr_15s232_201::1.0
P,urn:nasa:pds:magellan_midr:data:c1midr_15s232_301::1.0
P,urn:nasa:pds:magellan_midr:data:c1midr_15s249_1::1.0
P,urn:nasa:pds:magellan_midr:data:c1midr_15s266_1::1.0
P,urn:nasa:pds:magellan_midr:data:c1midr_15s283_1::1.0
P,urn:nasa:pds:magellan_midr:data:c1midr_15s283_201::1.0
P,urn:nasa:pds:magellan_midr:data:c1midr_15s300_1::1.0
P,urn:nasa:pds:magellan_midr:data:c1midr_15s300_201::1.0
P,urn:nasa:pds:magellan_midr:data:c1midr_15s317_1::1.0
P,urn:nasa:pds:magellan_midr:data:c1midr_15s317_201::1.0
P,urn:nasa:pds:magellan_midr:data:c1midr_15s317_301::1.0
P,urn:nasa:pds:magellan_midr:data:c1midr_15s335_1::1.0
P,urn:nasa:pds:magellan_midr:data:c1midr_15s335_301::1.0
P,urn:nasa:pds:magellan_midr:data:c1midr_15s352_1::1.0
P,urn:nasa:pds:magellan_midr:data:c1midr_30n009_1::1.0
P,urn:nasa:pds:magellan_midr:data:c1midr_30n009_301::1.0
P,urn:nasa:pds:magellan_midr:data:c1midr_30n027_1::1.0
P,urn:nasa:pds:magellan_midr:data:c1midr_30n027_201::1.0
P,urn:nasa:pds:magellan_midr:data:c1midr_30n027_2::1.0
P,urn:nasa:pds:magellan_midr:data:c1midr_30n045_201::1.0
P,urn:nasa:pds:magellan_midr:data:c1midr_30n045_301::1.0
P,urn:nasa:pds:magellan_midr:data:c1midr_30n063_1::1.0
P,urn:nasa:pds:magellan_midr:data:c1midr_30n063_301::1.0
P,urn:nasa:pds:magellan_midr:data:c1midr_30n081_1::1.0
P,urn:nasa:pds:magellan_midr:data:c1midr_30n081_201::1.0
P,urn:nasa:pds:magellan_midr:data:c1midr_30n081_301::1.0
P,urn:nasa:pds:magellan_midr:data:c1midr_30n099_1::1.0
P,urn:nasa:pds:magellan_midr:data:c1midr_30n099_201::1.0
P,urn:nasa:pds:magellan_midr:data:c1midr_30n099_2::1.0
P,urn:nasa:pds:magellan_midr:data:c1midr_30n099_301::1.0
P,urn:nasa:pds:magellan_midr:data:c1midr_30n117_1::1.0
P,urn:nasa:pds:magellan_midr:data:c1midr_30n117_201::1.0
P,urn:nasa:pds:magellan_midr:data:c1midr_30n135_1::1.0
P,urn:nasa:pds:magellan_midr:data:c1midr_30n135_301::1.0
P,urn:nasa:pds:magellan_midr:data:c1midr_30n153_1::1.0
P,urn:nasa:pds:magellan_midr:data:c1midr_30n153_301::1.0
P,urn:nasa:pds:magellan_midr:data:c1midr_30n171_1::1.0
P,urn:nasa:pds:magellan_midr:data:c1midr_30n171_301::1.0
P,urn:nasa:pds:magellan_midr:data:c1midr_30n189_1::1.0
P,urn:nasa:pds:magellan_midr:data:c1midr_30n207_1::1.0
P,urn:nasa:pds:magellan_midr:data:c1midr_30n225_1::1.0
P,urn:nasa:pds:magellan_midr:data:c1midr_30n243_1::1.0
P,urn:nasa:pds:magellan_midr:data:c1midr_30n261_1::1.0
P,urn:nasa:pds:magellan_midr:data:c1midr_30n279_1::1.0
P,urn:nasa:pds:magellan_midr:data:c1midr_30n297_1::1.0
P,urn:nasa:pds:magellan_midr:data:c1midr_30n315_1::1.0
P,urn:nasa:pds:magellan_midr:data:c1midr_30n333_1::1.0
P,urn:nasa:pds:magellan_midr:data:c1midr_30n333_201::1.0
P,urn:nasa:pds:magellan_midr:data:c1midr_30n333_2::1.0
P,urn:nasa:pds:magellan_midr:data:c1midr_30n351_1::1.0
P,urn:nasa:pds:magellan_midr:data:c1midr_30n351_301::1.0
P,urn:nasa:pds:magellan_midr:data:c1midr_30s009_1::1.0
P,urn:nasa:pds:magellan_midr:data:c1midr_30s027_1::1.0
P,urn:nasa:pds:magellan_midr:data:c1midr_30s027_2::1.0
P,urn:nasa:pds:magellan_midr:data:c1midr_30s045_201::1.0
P,urn:nasa:pds:magellan_midr:data:c1midr_30s063_1::1.0
P,urn:nasa:pds:magellan_midr:data:c1midr_30s063_201::1.0
P,urn:nasa:pds:magellan_midr:data:c1midr_30s063_202::1.0
P,urn:nasa:pds:magellan_midr:data:c1midr_30s063_301::1.0
P,urn:nasa:pds:magellan_midr:data:c1midr_30s081_1::1.0
P,urn:nasa:pds:magellan_midr:data:c1midr_30s081_201::1.0
P,urn:nasa:pds:magellan_midr:data:c1midr_30s081_301::1.0
P,urn:nasa:pds:magellan_midr:data:c1midr_30s099_1::1.0
P,urn:nasa:pds:magellan_midr:data:c1midr_30s099_201::1.0
P,urn:nasa:pds:magellan_midr:data:c1midr_30s099_2::1.0
P,urn:nasa:pds:magellan_midr:data:c1midr_30s099_301::1.0
P,urn:nasa:pds:magellan_midr:data:c1midr_30s117_1::1.0
P,urn:nasa:pds:magellan_midr:data:c1midr_30s117_201::1.0
P,urn:nasa:pds:magellan_midr:data:c1midr_30s117_2::1.0
P,urn:nasa:pds:magellan_midr:data:c1midr_30s135_1::1.0
P,urn:nasa:pds:magellan_midr:data:c1midr_30s135_201::1.0
P,urn:nasa:pds:magellan_midr:data:c1midr_30s135_301::1.0
P,urn:nasa:pds:magellan_midr:data:c1midr_30s153_1::1.0
P,urn:nasa:pds:magellan_midr:data:c1midr_30s153_201::1.0
P,urn:nasa:pds:magellan_midr:data:c1midr_30s153_301::1.0
P,urn:nasa:pds:magellan_midr:data:c1midr_30s171_1::1.0
P,urn:nasa:pds:magellan_midr:data:c1midr_30s171_201::1.0
P,urn:nasa:pds:magellan_midr:data:c1midr_30s171_301::1.0
P,urn:nasa:pds:magellan_midr:data:c1midr_30s189_1::1.0
P,urn:nasa:pds:magellan_midr:data:c1midr_30s189_201::1.0
P,urn:nasa:pds:magellan_midr:data:c1midr_30s207_1::1.0
P,urn:nasa:pds:magellan_midr:data:c1midr_30s207_201::1.0
P,urn:nasa:pds:magellan_midr:data:c1midr_30s225_1::1.0
P,urn:nasa:pds:magellan_midr:data:c1midr_30s225_201::1.0
P,urn:nasa:pds:magellan_midr:data:c1midr_30s243_1::1.0
P,urn:nasa:pds:magellan_midr:data:c1midr_30s243_201::1.0
P,urn:nasa:pds:magellan_midr:data:c1midr_30s261_1::1.0
P,urn:nasa:pds:magellan_midr:data:c1midr_30s261_201::1.0
P,urn:nasa:pds:magellan_midr:data:c1midr_30s279_1::1.0
P,urn:nasa:pds:magellan_midr:data:c1midr_30s279_201::1.0
P,urn:nasa:pds:magellan_midr:data:c1midr_30s297_1::1.0
P,urn:nasa:pds:magellan_midr:data:c1midr_30s297_201::1.0
P,urn:nasa:pds:magellan_midr:data:c1midr_30s315_1::1.0
P,urn:nasa:pds:magellan_midr:data:c1midr_30s315_201::1.0
P,urn:nasa:pds:magellan_midr:data:c1midr_30s315_301::1.0
P,urn:nasa:pds:magellan_midr:data:c1midr_30s333_1::1.0
P,urn:nasa:pds:magellan_midr:data:c1midr_30s333_301::1.0
P,urn:nasa:pds:magellan_midr:data:c1midr_30s351_1::1.0
P,urn:nasa:pds:magellan_midr:data:c1midr_45n011_1::1.0
P,urn:nasa:pds:magellan_midr:data:c1midr_45n032_1::1.0
P,urn:nasa:pds:magellan_midr:data:c1midr_45n032_201::1.0
P,urn:nasa:pds:magellan_midr:data:c1midr_45n032_301::1.0
P,urn:nasa:pds:magellan_midr:data:c1midr_45n053_1::1.0
P,urn:nasa:pds:magellan_midr:data:c1midr_45n053_201::1.0
P,urn:nasa:pds:magellan_midr:data:c1midr_45n053_301::1.0
P,urn:nasa:pds:magellan_midr:data:c1midr_45n074_1::1.0
P,urn:nasa:pds:magellan_midr:data:c1midr_45n074_201::1.0
P,urn:nasa:pds:magellan_midr:data:c1midr_45n074_301::1.0
P,urn:nasa:pds:magellan_midr:data:c1midr_45n096_1::1.0
P,urn:nasa:pds:magellan_midr:data:c1midr_45n096_201::1.0
P,urn:nasa:pds:magellan_midr:data:c1midr_45n096_2::1.0
P,urn:nasa:pds:magellan_midr:data:c1midr_45n096_301::1.0
P,urn:nasa:pds:magellan_midr:data:c1midr_45n117_1::1.0
P,urn:nasa:pds:magellan_midr:data:c1midr_45n117_201::1.0
P,urn:nasa:pds:magellan_midr:data:c1midr_45n117_2::1.0
P,urn:nasa:pds:magellan_midr:data:c1midr_45n138_1::1.0
P,urn:nasa:pds:magellan_midr:data:c1midr_45n138_301::1.0
P,urn:nasa:pds:magellan_midr:data:c1midr_45n159_1::1.0
P,urn:nasa:pds:magellan_midr:data:c1midr_45n159_301::1.0
P,urn:nasa:pds:magellan_midr:data:c1midr_45n180_1::1.0
P,urn:nasa:pds:magellan_midr:data:c1midr_45n180_301::1.0
P,urn:nasa:pds:magellan_midr:data:c1midr_45n202_1::1.0
P,urn:nasa:pds:magellan_midr:data:c1midr_45n223_1::1.0
P,urn:nasa:pds:magellan_midr:data:c1midr_45n244_1::1.0
P,urn:nasa:pds:magellan_midr:data:c1midr_45n265_1::1.0
P,urn:nasa:pds:magellan_midr:data:c1midr_45n286_1::1.0
P,urn:nasa:pds:magellan_midr:data:c1midr_45n307_1::1.0
P,urn:nasa:pds:magellan_midr:data:c1midr_45n329_1::1.0
P,urn:nasa:pds:magellan_midr:data:c1midr_45n329_201::1.0
P,urn:nasa:pds:magellan_midr:data:c1midr_45n329_2::1.0
P,urn:nasa:pds:magellan_midr:data:c1midr_45n350_1::1.0
P,urn:nasa:pds:magellan_midr:data:c1midr_45n350_301::1.0
P,urn:nasa:pds:magellan_midr:data:c1midr_45s011_1::1.0
P,urn:nasa:pds:magellan_midr:data:c1midr_45s011_201::1.0
P,urn:nasa:pds:magellan_midr:data:c1midr_45s032_1::1.0
P,urn:nasa:pds:magellan_midr:data:c1midr_45s032_201::1.0
P,urn:nasa:pds:magellan_midr:data:c1midr_45s032_202::1.0
P,urn:nasa:pds:magellan_midr:data:c1midr_45s032_2::1.0
P,urn:nasa:pds:magellan_midr:data:c1midr_45s053_201::1.0
P,urn:nasa:pds:magellan_midr:data:c1midr_45s053_202::1.0
P,urn:nasa:pds:magellan_midr:data:c1midr_45s053_301::1.0
P,urn:nasa:pds:magellan_midr:data:c1midr_45s074_1::1.0
P,urn:nasa:pds:magellan_midr:data:c1midr_45s074_201::1.0
P,urn:nasa:pds:magellan_midr:data:c1midr_45s074_301::1.0
P,urn:nasa:pds:magellan_midr:data:c1midr_45s096_1::1.0
P,urn:nasa:pds:magellan_midr:data:c1midr_45s096_201::1.0
P,urn:nasa:pds:magellan_midr:data:c1midr_45s096_2::1.0
P,urn:nasa:pds:magellan_midr:data:c1midr_45s096_301::1.0
P,urn:nasa:pds:magellan_midr:data:c1midr_45s117_1::1.0
P,urn:nasa:pds:magellan_midr:data:c1midr_45s117_201::1.0
P,urn:nasa:pds:magellan_midr:data:c1midr_45s117_2::1.0
P,urn:nasa:pds:magellan_midr:data:c1midr_45s138_1::1.0
P,urn:nasa:pds:magellan_midr:data:c1midr_45s138_201::1.0
P,urn:nasa:pds:magellan_midr:data:c1midr_45s138_301::1.0
P,urn:nasa:pds:magellan_midr:data:c1midr_45s159_1::1.0
P,urn:nasa:pds:magellan_midr:data:c1midr_45s159_201::1.0
P,urn:nasa:pds:magellan_midr:data:c1midr_45s159_301::1.0
P,urn:nasa:pds:magellan_midr:data:c1midr_45s180_1::1.0
P,urn:nasa:pds:magellan_midr:data:c1midr_45s180_201::1.0
P,urn:nasa:pds:magellan_midr:data:c1midr_45s180_301::1.0
P,urn:nasa:pds:magellan_midr:data:c1midr_45s202_1::1.0
P,urn:nasa:pds:magellan_midr:data:c1midr_45s202_201::1.0
P,urn:nasa:pds:magellan_midr:data:c1midr_45s223_1::1.0
P,urn:nasa:pds:magellan_midr:data:c1midr_45s223_201::1.0
P,urn:nasa:pds:magellan_midr:data:c1midr_45s244_1::1.0
P,urn:nasa:pds:magellan_midr:data:c1midr_45s244_201::1.0
P,urn:nasa:pds:magellan_midr:data:c1midr_45s244_301::1.0
P,urn:nasa:pds:magellan_midr:data:c1midr_45s265_1::1.0
P,urn:nasa:pds:magellan_midr:data:c1midr_45s265_201::1.0
P,urn:nasa:pds:magellan_midr:data:c1midr_45s286_1::1.0
P,urn:nasa:pds:magellan_midr:data:c1midr_45s286_201::1.0
P,urn:nasa:pds:magellan_midr:data:c1midr_45s307_201::1.0
P,urn:nasa:pds:magellan_midr:data:c1midr_45s329_202::1.0
P,urn:nasa:pds:magellan_midr:data:c1midr_45s329_301::1.0
P,urn:nasa:pds:magellan_midr:data:c1midr_45s350_1::1.0
P,urn:nasa:pds:magellan_midr:data:c1midr_45s350_201::1.0
P,urn:nasa:pds:magellan_midr:data:c1midr_60n014_1::1.0
P,urn:nasa:pds:magellan_midr:data:c1midr_60n014_301::1.0
P,urn:nasa:pds:magellan_midr:data:c1midr_60n042_1::1.0
P,urn:nasa:pds:magellan_midr:data:c1midr_60n042_301::1.0
P,urn:nasa:pds:magellan_midr:data:c1midr_60n070_1::1.0
P,urn:nasa:pds:magellan_midr:data:c1midr_60n070_201::1.0
P,urn:nasa:pds:magellan_midr:data:c1midr_60n097_1::1.0
P,urn:nasa:pds:magellan_midr:data:c1midr_60n097_201::1.0
P,urn:nasa:pds:magellan_midr:data:c1midr_60n097_2::1.0
P,urn:nasa:pds:magellan_midr:data:c1midr_60n125_1::1.0
P,urn:nasa:pds:magellan_midr:data:c1midr_60n153_1::1.0
P,urn:nasa:pds:magellan_midr:data:c1midr_60n180_1::1.0
P,urn:nasa:pds:magellan_midr:data:c1midr_60n208_1::1.0
P,urn:nasa:pds:magellan_midr:data:c1midr_60n236_1::1.0
P,urn:nasa:pds:magellan_midr:data:c1midr_60n263_1::1.0
P,urn:nasa:pds:magellan_midr:data:c1midr_60n291_1::1.0
P,urn:nasa:pds:magellan_midr:data:c1midr_60n319_1::1.0
P,urn:nasa:pds:magellan_midr:data:c1midr_60n347_1::1.0
P,urn:nasa:pds:magellan_midr:data:c1midr_60n347_201::1.0
P,urn:nasa:pds:magellan_midr:data:c1midr_60n347_2::1.0
P,urn:nasa:pds:magellan_midr:data:c1midr_60n347_301::1.0
P,urn:nasa:pds:magellan_midr:data:c1midr_60s014_1::1.0
P,urn:nasa:pds:magellan_midr:data:c1midr_60s014_202::1.0
P,urn:nasa:pds:magellan_midr:data:c1midr_60s042_1::1.0
P,urn:nasa:pds:magellan_midr:data:c1midr_60s042_202::1.0
P,urn:nasa:pds:magellan_midr:data:c1midr_60s042_2::1.0
P,urn:nasa:pds:magellan_midr:data:c1midr_60s042_3::1.0
P,urn:nasa:pds:magellan_midr:data:c1midr_60s070_1::1.0
P,urn:nasa:pds:magellan_midr:data:c1midr_60s070_201::1.0
P,urn:nasa:pds:magellan_midr:data:c1midr_60s097_1::1.0
P,urn:nasa:pds:magellan_midr:data:c1midr_60s097_201::1.0
P,urn:nasa:pds:magellan_midr:data:c1midr_60s125_1::1.0
P,urn:nasa:pds:magellan_midr:data:c1midr_60s125_201::1.0
P,urn:nasa:pds:magellan_midr:data:c1midr_60s153_1::1.0
P,urn:nasa:pds:magellan_midr:data:c1midr_60s153_201::1.0
P,urn:nasa:pds:magellan_midr:data:c1midr_60s180_1::1.0
P,urn:nasa:pds:magellan_midr:data:c1midr_60s180_201::1.0
P,urn:nasa:pds:magellan_midr:data:c1midr_60s208_1::1.0
P,urn:nasa:pds:magellan_midr:data:c1midr_60s208_201::1.0
P,urn:nasa:pds:magellan_midr:data:c1midr_60s236_1::1.0
P,urn:nasa:pds:magellan_midr:data:c1midr_60s236_201::1.0
P,urn:nasa:pds:magellan_midr:data:c1midr_60s263_1::1.0
P,urn:nasa:pds:magellan_midr:data:c1midr_60s263_201::1.0
P,urn:nasa:pds:magellan_midr:data:c1midr_60s291_1::1.0
P,urn:nasa:pds:magellan_midr:data:c1midr_60s291_201::1.0
P,urn:nasa:pds:magellan_midr:data:c1midr_60s319_201::1.0
P,urn:nasa:pds:magellan_midr:data:c1midr_60s347_1::1.0
P,urn:nasa:pds:magellan_midr:data:c1midr_60s347_201::1.0
P,urn:nasa:pds:magellan_midr:data:c1midr_60s347_202::1.0
P,urn:nasa:pds:magellan_midr:data:c1midr_75n029_1::1.0
P,urn:nasa:pds:magellan_midr:data:c1midr_75n029_2::1.0
P,urn:nasa:pds:magellan_midr:data:c1midr_75n029_301::1.0
P,urn:nasa:pds:magellan_midr:data:c1midr_75n074_1::1.0
P,urn:nasa:pds:magellan_midr:data:c1midr_75n074_201::1.0
P,urn:nasa:pds:magellan_midr:data:c1midr_75n119_1::1.0
P,urn:nasa:pds:magellan_midr:data:c1midr_75n164_1::1.0
P,urn:nasa:pds:magellan_midr:data:c1midr_75n209_1::1.0
P,urn:nasa:pds:magellan_midr:data:c1midr_75n254_1::1.0
P,urn:nasa:pds:magellan_midr:data:c1midr_75n299_1::1.0
P,urn:nasa:pds:magellan_midr:data:c1midr_75n338_1::1.0
P,urn:nasa:pds:magellan_midr:data:c1midr_75n338_2::1.0
P,urn:nasa:pds:magellan_midr:data:c1midr_75n344_301::1.0
P,urn:nasa:pds:magellan_midr:data:c1midr_75s023_1::1.0
P,urn:nasa:pds:magellan_midr:data:c1midr_75s023_201::1.0
P,urn:nasa:pds:magellan_midr:data:c1midr_75s068_1::1.0
P,urn:nasa:pds:magellan_midr:data:c1midr_75s068_201::1.0
P,urn:nasa:pds:magellan_midr:data:c1midr_75s113_1::1.0
P,urn:nasa:pds:magellan_midr:data:c1midr_75s113_201::1.0
P,urn:nasa:pds:magellan_midr:data:c1midr_75s158_201::1.0
P,urn:nasa:pds:magellan_midr:data:c1midr_75s203_1::1.0
P,urn:nasa:pds:magellan_midr:data:c1midr_75s203_201::1.0
P,urn:nasa:pds:magellan_midr:data:c1midr_75s248_1::1.0
P,urn:nasa:pds:magellan_midr:data:c1midr_75s248_201::1.0
P,urn:nasa:pds:magellan_midr:data:c1midr_75s293_1::1.0
P,urn:nasa:pds:magellan_midr:data:c1midr_75s293_202::1.0
P,urn:nasa:pds:magellan_midr:data:c1midr_75s338_201::1.0
P,urn:nasa:pds:magellan_midr:data:c1midr_75s338_202::1.0
P,urn:nasa:pds:magellan_midr:data:c1midr_75s338_2::1.0
P,urn:nasa:pds:magellan_midr:data:c2midr_00n028_1::1.0
P,urn:nasa:pds:magellan_midr:data:c2midr_00n028_201::1.0
P,urn:nasa:pds:magellan_midr:data:c2midr_00n028_301::1.0
P,urn:nasa:pds:magellan_midr:data:c2midr_00n080_1::1.0
P,urn:nasa:pds:magellan_midr:data:c2midr_00n080_201::1.0
P,urn:nasa:pds:magellan_midr:data:c2midr_00n080_202::1.0
P,urn:nasa:pds:magellan_midr:data:c2midr_00n080_301::1.0
P,urn:nasa:pds:magellan_midr:data:c2midr_00n131_1::1.0
P,urn:nasa:pds:magellan_midr:data:c2midr_00n131_201::1.0
P,urn:nasa:pds:magellan_midr:data:c2midr_00n131_301::1.0
P,urn:nasa:pds:magellan_midr:data:c2midr_00n183_1::1.0
P,urn:nasa:pds:magellan_midr:data:c2midr_00n183_201::1.0
P,urn:nasa:pds:magellan_midr:data:c2midr_00n183_301::1.0
P,urn:nasa:pds:magellan_midr:data:c2midr_00n234_1::1.0
P,urn:nasa:pds:magellan_midr:data:c2midr_00n234_201::1.0
P,urn:nasa:pds:magellan_midr:data:c2midr_00n286_1::1.0
P,urn:nasa:pds:magellan_midr:data:c2midr_00n286_201::1.0
P,urn:nasa:pds:magellan_midr:data:c2midr_00n337_201::1.0
P,urn:nasa:pds:magellan_midr:data:c2midr_00n337_2::1.0
P,urn:nasa:pds:magellan_midr:data:c2midr_00n337_302::1.0
P,urn:nasa:pds:magellan_midr:data:c2midr_30n026_1::1.0
P,urn:nasa:pds:magellan_midr:data:c2midr_30n026_201::1.0
P,urn:nasa:pds:magellan_midr:data:c2midr_30n026_301::1.0
P,urn:nasa:pds:magellan_midr:data:c2midr_30n078_1::1.0
P,urn:nasa:pds:magellan_midr:data:c2midr_30n078_201::1.0
P,urn:nasa:pds:magellan_midr:data:c2midr_30n078_202::1.0
P,urn:nasa:pds:magellan_midr:data:c2midr_30n078_301::1.0
P,urn:nasa:pds:magellan_midr:data:c2midr_30n129_1::1.0
P,urn:nasa:pds:magellan_midr:data:c2midr_30n129_201::1.0
P,urn:nasa:pds:magellan_midr:data:c2midr_30n129_301::1.0
P,urn:nasa:pds:magellan_midr:data:c2midr_30n181_1::1.0
P,urn:nasa:pds:magellan_midr:data:c2midr_30n181_301::1.0
P,urn:nasa:pds:magellan_midr:data:c2midr_30n232_1::1.0
P,urn:nasa:pds:magellan_midr:data:c2midr_30n284_1::1.0
P,urn:nasa:pds:magellan_midr:data:c2midr_30n284_2::1.0
P,urn:nasa:pds:magellan_midr:data:c2midr_30n335_201::1.0
P,urn:nasa:pds:magellan_midr:data:c2midr_30n335_2::1.0
P,urn:nasa:pds:magellan_midr:data:c2midr_30n335_301::1.0
P,urn:nasa:pds:magellan_midr:data:c2midr_30n335_302::1.0
P,urn:nasa:pds:magellan_midr:data:c2midr_30n335_303::1.0
P,urn:nasa:pds:magellan_midr:data:c2midr_30s026_1::1.0
P,urn:nasa:pds:magellan_midr:data:c2midr_30s026_201::1.0
P,urn:nasa:pds:magellan_midr:data:c2midr_30s026_202::1.0
P,urn:nasa:pds:magellan_midr:data:c2midr_30s078_1::1.0
P,urn:nasa:pds:magellan_midr:data:c2midr_30s078_201::1.0
P,urn:nasa:pds:magellan_midr:data:c2midr_30s078_202::1.0
P,urn:nasa:pds:magellan_midr:data:c2midr_30s078_301::1.0
P,urn:nasa:pds:magellan_midr:data:c2midr_30s129_1::1.0
P,urn:nasa:pds:magellan_midr:data:c2midr_30s129_201::1.0
P,urn:nasa:pds:magellan_midr:data:c2midr_30s129_301::1.0
P,urn:nasa:pds:magellan_midr:data:c2midr_30s181_1::1.0
P,urn:nasa:pds:magellan_midr:data:c2midr_30s181_201::1.0
P,urn:nasa:pds:magellan_midr:data:c2midr_30s181_301::1.0
P,urn:nasa:pds:magellan_midr:data:c2midr_30s232_1::1.0
P,urn:nasa:pds:magellan_midr:data:c2midr_30s232_201::1.0
P,urn:nasa:pds:magellan_midr:data:c2midr_30s284_1::1.0
P,urn:nasa:pds:magellan_midr:data:c2midr_30s284_201::1.0
P,urn:nasa:pds:magellan_midr:data:c2midr_30s284_202::1.0
P,urn:nasa:pds:magellan_midr:data:c2midr_30s335_201::1.0
P,urn:nasa:pds:magellan_midr:data:c2midr_30s335_202::1.0
P,urn:nasa:pds:magellan_midr:data:c2midr_30s335_2::1.0
P,urn:nasa:pds:magellan_midr:data:c2midr_30s335_301::1.0
P,urn:nasa:pds:magellan_midr:data:c2midr_60n033_1::1.0
P,urn:nasa:pds:magellan_midr:data:c2midr_60n033_201::1.0
P,urn:nasa:pds:magellan_midr:data:c2midr_60n033_202::1.0
P,urn:nasa:pds:magellan_midr:data:c2midr_60n033_2::1.0
P,urn:nasa:pds:magellan_midr:data:c2midr_60n033_301::1.0
P,urn:nasa:pds:magellan_midr:data:c2midr_60n093_1::1.0
P,urn:nasa:pds:magellan_midr:data:c2midr_60n093_202::1.0
P,urn:nasa:pds:magellan_midr:data:c2midr_60n093_301::1.0
P,urn:nasa:pds:magellan_midr:data:c2midr_60n153_1::1.0
P,urn:nasa:pds:magellan_midr:data:c2midr_60n153_202::1.0
P,urn:nasa:pds:magellan_midr:data:c2midr_60n153_2::1.0
P,urn:nasa:pds:magellan_midr:data:c2midr_60n153_301::1.0
P,urn:nasa:pds:magellan_midr:data:c2midr_60n213_1::1.0
P,urn:nasa:pds:magellan_midr:data:c2midr_60n273_2::1.0
P,urn:nasa:pds:magellan_midr:data:c2midr_60n333_201::1.0
P,urn:nasa:pds:magellan_midr:data:c2midr_60n333_2::1.0
P,urn:nasa:pds:magellan_midr:data:c2midr_60n333_301::1.0
P,urn:nasa:pds:magellan_midr:data:c2midr_60s033_1::1.0
P,urn:nasa:pds:magellan_midr:data:c2midr_60s033_201::1.0
P,urn:nasa:pds:magellan_midr:data:c2midr_60s033_202::1.0
P,urn:nasa:pds:magellan_midr:data:c2midr_60s093_1::1.0
P,urn:nasa:pds:magellan_midr:data:c2midr_60s093_202::1.0
P,urn:nasa:pds:magellan_midr:data:c2midr_60s153_1::1.0
P,urn:nasa:pds:magellan_midr:data:c2midr_60s153_201::1.0
P,urn:nasa:pds:magellan_midr:data:c2midr_60s213_1::1.0
P,urn:nasa:pds:magellan_midr:data:c2midr_60s213_202::1.0
P,urn:nasa:pds:magellan_midr:data:c2midr_60s273_1::1.0
P,urn:nasa:pds:magellan_midr:data:c2midr_60s273_201::1.0
P,urn:nasa:pds:magellan_midr:data:c2midr_60s273_202::1.0
P,urn:nasa:pds:magellan_midr:data:c2midr_60s333_1::1.0
P,urn:nasa:pds:magellan_midr:data:c2midr_60s333_201::1.0
P,urn:nasa:pds:magellan_midr:data:c2midr_60s333_202::1.0
P,urn:nasa:pds:magellan_midr:data:c3midr_14n060_1::1.0
P,urn:nasa:pds:magellan_midr:data:c3midr_14n060_201::1.0
P,urn:nasa:pds:magellan_midr:data:c3midr_14n060_202::1.0
P,urn:nasa:pds:magellan_midr:data:c3midr_14n060_301::1.0
P,urn:nasa:pds:magellan_midr:data:c3midr_14n180_1::1.0
P,urn:nasa:pds:magellan_midr:data:c3midr_14n180_201::1.0
P,urn:nasa:pds:magellan_midr:data:c3midr_14n180_301::1.0
P,urn:nasa:pds:magellan_midr:data:c3midr_14n300_1::1.0
P,urn:nasa:pds:magellan_midr:data:c3midr_14n300_201::1.0
P,urn:nasa:pds:magellan_midr:data:c3midr_14n300_202::1.0
P,urn:nasa:pds:magellan_midr:data:c3midr_14n300_301::1.0
P,urn:nasa:pds:magellan_midr:data:c3midr_14s060_1::1.0
P,urn:nasa:pds:magellan_midr:data:c3midr_14s060_201::1.0
P,urn:nasa:pds:magellan_midr:data:c3midr_14s060_202::1.0
P,urn:nasa:pds:magellan_midr:data:c3midr_14s180_1::1.0
P,urn:nasa:pds:magellan_midr:data:c3midr_14s180_201::1.0
P,urn:nasa:pds:magellan_midr:data:c3midr_14s300_1::1.0
P,urn:nasa:pds:magellan_midr:data:c3midr_14s300_201::1.0
P,urn:nasa:pds:magellan_midr:data:c3midr_14s300_202::1.0
P,urn:nasa:pds:magellan_midr:data:fmidr_00n037_201::1.0
P,urn:nasa:pds:magellan_midr:data:fmidr_00n042_201::1.0
P,urn:nasa:pds:magellan_midr:data:fmidr_00n048_201::1.0
P,urn:nasa:pds:magellan_midr:data:fmidr_00n054_201::1.0
P,urn:nasa:pds:magellan_midr:data:fmidr_00n059_1::1.0
P,urn:nasa:pds:magellan_midr:data:fmidr_00n059_301::1.0
P,urn:nasa:pds:magellan_midr:data:fmidr_00n065_1::1.0
P,urn:nasa:pds:magellan_midr:data:fmidr_00n065_301::1.0
P,urn:nasa:pds:magellan_midr:data:fmidr_00n070_1::1.0
P,urn:nasa:pds:magellan_midr:data:fmidr_00n070_201::1.0
P,urn:nasa:pds:magellan_midr:data:fmidr_00n070_301::1.0
P,urn:nasa:pds:magellan_midr:data:fmidr_00n076_1::1.0
P,urn:nasa:pds:magellan_midr:data:fmidr_00n076_301::1.0
P,urn:nasa:pds:magellan_midr:data:fmidr_00n082_1::1.0
P,urn:nasa:pds:magellan_midr:data:fmidr_00n082_301::1.0
P,urn:nasa:pds:magellan_midr:data:fmidr_00n087_1::1.0
P,urn:nasa:pds:magellan_midr:data:fmidr_00n087_301::1.0
P,urn:nasa:pds:magellan_midr:data:fmidr_00n093_1::1.0
P,urn:nasa:pds:magellan_midr:data:fmidr_00n093_301::1.0
P,urn:nasa:pds:magellan_midr:data:fmidr_00n104_1::1.0
P,urn:nasa:pds:magellan_midr:data:fmidr_00n115_201::1.0
P,urn:nasa:pds:magellan_midr:data:fmidr_00n132_1::1.0
P,urn:nasa:pds:magellan_midr:data:fmidr_00n132_301::1.0
P,urn:nasa:pds:magellan_midr:data:fmidr_00n138_1::1.0
P,urn:nasa:pds:magellan_midr:data:fmidr_00n138_301::1.0
P,urn:nasa:pds:magellan_midr:data:fmidr_00n149_1::1.0
P,urn:nasa:pds:magellan_midr:data:fmidr_00n149_201::1.0
P,urn:nasa:pds:magellan_midr:data:fmidr_00n149_301::1.0
P,urn:nasa:pds:magellan_midr:data:fmidr_00n155_1::1.0
P,urn:nasa:pds:magellan_midr:data:fmidr_00n155_201::1.0
P,urn:nasa:pds:magellan_midr:data:fmidr_00n155_301::1.0
P,urn:nasa:pds:magellan_midr:data:fmidr_00n189_1::1.0
P,urn:nasa:pds:magellan_midr:data:fmidr_00n189_201::1.0
P,urn:nasa:pds:magellan_midr:data:fmidr_00n194_1::1.0
P,urn:nasa:pds:magellan_midr:data:fmidr_00n194_201::1.0
P,urn:nasa:pds:magellan_midr:data:fmidr_00n200_1::1.0
P,urn:nasa:pds:magellan_midr:data:fmidr_00n200_201::1.0
P,urn:nasa:pds:magellan_midr:data:fmidr_00n205_1::1.0
P,urn:nasa:pds:magellan_midr:data:fmidr_00n217_1::1.0
P,urn:nasa:pds:magellan_midr:data:fmidr_00n279_1::1.0
P,urn:nasa:pds:magellan_midr:data:fmidr_00n284_1::1.0
P,urn:nasa:pds:magellan_midr:data:fmidr_00n290_1::1.0
P,urn:nasa:pds:magellan_midr:data:fmidr_00n318_1::1.0
P,urn:nasa:pds:magellan_midr:data:fmidr_00n357_1::1.0
P,urn:nasa:pds:magellan_midr:data:fmidr_05n020_1::1.0
P,urn:nasa:pds:magellan_midr:data:fmidr_05n020_301::1.0
P,urn:nasa:pds:magellan_midr:data:fmidr_05n048_201::1.0
P,urn:nasa:pds:magellan_midr:data:fmidr_05n054_201::1.0
P,urn:nasa:pds:magellan_midr:data:fmidr_05n065_1::1.0
P,urn:nasa:pds:magellan_midr:data:fmidr_05n065_301::1.0
P,urn:nasa:pds:magellan_midr:data:fmidr_05n070_1::1.0
P,urn:nasa:pds:magellan_midr:data:fmidr_05n070_301::1.0
P,urn:nasa:pds:magellan_midr:data:fmidr_05n076_1::1.0
P,urn:nasa:pds:magellan_midr:data:fmidr_05n082_1::1.0
P,urn:nasa:pds:magellan_midr:data:fmidr_05n082_301::1.0
P,urn:nasa:pds:magellan_midr:data:fmidr_05n087_1::1.0
P,urn:nasa:pds:magellan_midr:data:fmidr_05n087_201::1.0
P,urn:nasa:pds:magellan_midr:data:fmidr_05n087_301::1.0
P,urn:nasa:pds:magellan_midr:data:fmidr_05n093_1::1.0
P,urn:nasa:pds:magellan_midr:data:fmidr_05n093_301::1.0
P,urn:nasa:pds:magellan_midr:data:fmidr_05n098_1::1.0
P,urn:nasa:pds:magellan_midr:data:fmidr_05n099_301::1.0
P,urn:nasa:pds:magellan_midr:data:fmidr_05n115_201::1.0
P,urn:nasa:pds:magellan_midr:data:fmidr_05n132_1::1.0
P,urn:nasa:pds:magellan_midr:data:fmidr_05n132_301::1.0
P,urn:nasa:pds:magellan_midr:data:fmidr_05n177_1::1.0
P,urn:nasa:pds:magellan_midr:data:fmidr_05n183_1::1.0
P,urn:nasa:pds:magellan_midr:data:fmidr_05n188_1::1.0
P,urn:nasa:pds:magellan_midr:data:fmidr_05n194_1::1.0
P,urn:nasa:pds:magellan_midr:data:fmidr_05n194_201::1.0
P,urn:nasa:pds:magellan_midr:data:fmidr_05n200_1::1.0
P,urn:nasa:pds:magellan_midr:data:fmidr_05n200_201::1.0
P,urn:nasa:pds:magellan_midr:data:fmidr_05n205_1::1.0
P,urn:nasa:pds:magellan_midr:data:fmidr_05n217_1::1.0
P,urn:nasa:pds:magellan_midr:data:fmidr_05n228_1::1.0
P,urn:nasa:pds:magellan_midr:data:fmidr_05n239_1::1.0
P,urn:nasa:pds:magellan_midr:data:fmidr_05n273_1::1.0
P,urn:nasa:pds:magellan_midr:data:fmidr_05n284_1::1.0
P,urn:nasa:pds:magellan_midr:data:fmidr_05n290_1::1.0
P,urn:nasa:pds:magellan_midr:data:fmidr_05n301_1::1.0
P,urn:nasa:pds:magellan_midr:data:fmidr_05n307_1::1.0
P,urn:nasa:pds:magellan_midr:data:fmidr_05n318_1::1.0
P,urn:nasa:pds:magellan_midr:data:fmidr_05n329_301::1.0
P,urn:nasa:pds:magellan_midr:data:fmidr_05n357_1::1.0
P,urn:nasa:pds:magellan_midr:data:fmidr_05s031_201::1.0
P,urn:nasa:pds:magellan_midr:data:fmidr_05s037_201::1.0
P,urn:nasa:pds:magellan_midr:data:fmidr_05s042_201::1.0
P,urn:nasa:pds:magellan_midr:data:fmidr_05s054_201::1.0
P,urn:nasa:pds:magellan_midr:data:fmidr_05s059_1::1.0
P,urn:nasa:pds:magellan_midr:data:fmidr_05s059_301::1.0
P,urn:nasa:pds:magellan_midr:data:fmidr_05s065_1::1.0
P,urn:nasa:pds:magellan_midr:data:fmidr_05s065_301::1.0
P,urn:nasa:pds:magellan_midr:data:fmidr_05s070_1::1.0
P,urn:nasa:pds:magellan_midr:data:fmidr_05s070_301::1.0
P,urn:nasa:pds:magellan_midr:data:fmidr_05s076_1::1.0
P,urn:nasa:pds:magellan_midr:data:fmidr_05s076_301::1.0
P,urn:nasa:pds:magellan_midr:data:fmidr_05s082_1::1.0
P,urn:nasa:pds:magellan_midr:data:fmidr_05s082_301::1.0
P,urn:nasa:pds:magellan_midr:data:fmidr_05s087_1::1.0
P,urn:nasa:pds:magellan_midr:data:fmidr_05s087_201::1.0
P,urn:nasa:pds:magellan_midr:data:fmidr_05s087_301::1.0
P,urn:nasa:pds:magellan_midr:data:fmidr_05s093_201::1.0
P,urn:nasa:pds:magellan_midr:data:fmidr_05s093_202::1.0
P,urn:nasa:pds:magellan_midr:data:fmidr_05s093_301::1.0
P,urn:nasa:pds:magellan_midr:data:fmidr_05s098_1::1.0
P,urn:nasa:pds:magellan_midr:data:fmidr_05s099_201::1.0
P,urn:nasa:pds:magellan_midr:data:fmidr_05s099_202::1.0
P,urn:nasa:pds:magellan_midr:data:fmidr_05s099_301::1.0
P,urn:nasa:pds:magellan_midr:data:fmidr_05s104_1::1.0
P,urn:nasa:pds:magellan_midr:data:fmidr_05s115_201::1.0
P,urn:nasa:pds:magellan_midr:data:fmidr_05s132_1::1.0
P,urn:nasa:pds:magellan_midr:data:fmidr_05s132_301::1.0
P,urn:nasa:pds:magellan_midr:data:fmidr_05s149_1::1.0
P,urn:nasa:pds:magellan_midr:data:fmidr_05s149_201::1.0
P,urn:nasa:pds:magellan_midr:data:fmidr_05s149_301::1.0
P,urn:nasa:pds:magellan_midr:data:fmidr_05s155_1::1.0
P,urn:nasa:pds:magellan_midr:data:fmidr_05s155_201::1.0
P,urn:nasa:pds:magellan_midr:data:fmidr_05s155_2::1.0
P,urn:nasa:pds:magellan_midr:data:fmidr_05s155_301::1.0
P,urn:nasa:pds:magellan_midr:data:fmidr_05s177_1::1.0
P,urn:nasa:pds:magellan_midr:data:fmidr_05s177_301::1.0
P,urn:nasa:pds:magellan_midr:data:fmidr_05s183_1::1.0
P,urn:nasa:pds:magellan_midr:data:fmidr_05s189_1::1.0
P,urn:nasa:pds:magellan_midr:data:fmidr_05s205_1::1.0
P,urn:nasa:pds:magellan_midr:data:fmidr_05s205_201::1.0
P,urn:nasa:pds:magellan_midr:data:fmidr_05s205_202::1.0
P,urn:nasa:pds:magellan_midr:data:fmidr_05s211_1::1.0
P,urn:nasa:pds:magellan_midr:data:fmidr_05s217_1::1.0
P,urn:nasa:pds:magellan_midr:data:fmidr_05s222_1::1.0
P,urn:nasa:pds:magellan_midr:data:fmidr_05s239_1::1.0
P,urn:nasa:pds:magellan_midr:data:fmidr_05s250_1::1.0
P,urn:nasa:pds:magellan_midr:data:fmidr_05s279_1::1.0
P,urn:nasa:pds:magellan_midr:data:fmidr_05s284_1::1.0
P,urn:nasa:pds:magellan_midr:data:fmidr_05s290_1::1.0
P,urn:nasa:pds:magellan_midr:data:fmidr_05s295_1::1.0
P,urn:nasa:pds:magellan_midr:data:fmidr_05s312_1::1.0
P,urn:nasa:pds:magellan_midr:data:fmidr_05s335_1::1.0
P,urn:nasa:pds:magellan_midr:data:fmidr_05s357_1::1.0
P,urn:nasa:pds:magellan_midr:data:fmidr_10n014_1::1.0
P,urn:nasa:pds:magellan_midr:data:fmidr_10n014_301::1.0
P,urn:nasa:pds:magellan_midr:data:fmidr_10n020_1::1.0
P,urn:nasa:pds:magellan_midr:data:fmidr_10n020_301::1.0
P,urn:nasa:pds:magellan_midr:data:fmidr_10n031_201::1.0
P,urn:nasa:pds:magellan_midr:data:fmidr_10n042_201::1.0
P,urn:nasa:pds:magellan_midr:data:fmidr_10n048_201::1.0
P,urn:nasa:pds:magellan_midr:data:fmidr_10n054_201::1.0
P,urn:nasa:pds:magellan_midr:data:fmidr_10n065_1::1.0
P,urn:nasa:pds:magellan_midr:data:fmidr_10n065_201::1.0
P,urn:nasa:pds:magellan_midr:data:fmidr_10n065_301::1.0
P,urn:nasa:pds:magellan_midr:data:fmidr_10n076_1::1.0
P,urn:nasa:pds:magellan_midr:data:fmidr_10n076_201::1.0
P,urn:nasa:pds:magellan_midr:data:fmidr_10n076_301::1.0
P,urn:nasa:pds:magellan_midr:data:fmidr_10n082_1::1.0
P,urn:nasa:pds:magellan_midr:data:fmidr_10n082_301::1.0
P,urn:nasa:pds:magellan_midr:data:fmidr_10n093_1::1.0
P,urn:nasa:pds:magellan_midr:data:fmidr_10n093_301::1.0
P,urn:nasa:pds:magellan_midr:data:fmidr_10n098_1::1.0
P,urn:nasa:pds:magellan_midr:data:fmidr_10n132_1::1.0
P,urn:nasa:pds:magellan_midr:data:fmidr_10n132_301::1.0
P,urn:nasa:pds:magellan_midr:data:fmidr_10n166_1::1.0
P,urn:nasa:pds:magellan_midr:data:fmidr_10n166_301::1.0
P,urn:nasa:pds:magellan_midr:data:fmidr_10n172_1::1.0
P,urn:nasa:pds:magellan_midr:data:fmidr_10n172_301::1.0
P,urn:nasa:pds:magellan_midr:data:fmidr_10n177_1::1.0
P,urn:nasa:pds:magellan_midr:data:fmidr_10n183_1::1.0
P,urn:nasa:pds:magellan_midr:data:fmidr_10n188_1::1.0
P,urn:nasa:pds:magellan_midr:data:fmidr_10n194_1::1.0
P,urn:nasa:pds:magellan_midr:data:fmidr_10n200_1::1.0
P,urn:nasa:pds:magellan_midr:data:fmidr_10n205_1::1.0
P,urn:nasa:pds:magellan_midr:data:fmidr_10n211_1::1.0
P,urn:nasa:pds:magellan_midr:data:fmidr_10n217_1::1.0
P,urn:nasa:pds:magellan_midr:data:fmidr_10n228_1::1.0
P,urn:nasa:pds:magellan_midr:data:fmidr_10n234_1::1.0
P,urn:nasa:pds:magellan_midr:data:fmidr_10n267_1::1.0
P,urn:nasa:pds:magellan_midr:data:fmidr_10n273_1::1.0
P,urn:nasa:pds:magellan_midr:data:fmidr_10n279_1::1.0
P,urn:nasa:pds:magellan_midr:data:fmidr_10n284_1::1.0
P,urn:nasa:pds:magellan_midr:data:fmidr_10n290_1::1.0
P,urn:nasa:pds:magellan_midr:data:fmidr_10n301_1::1.0
P,urn:nasa:pds:magellan_midr:data:fmidr_10n307_1::1.0
P,urn:nasa:pds:magellan_midr:data:fmidr_10s031_1::1.0
P,urn:nasa:pds:magellan_midr:data:fmidr_10s054_201::1.0
P,urn:nasa:pds:magellan_midr:data:fmidr_10s059_1::1.0
P,urn:nasa:pds:magellan_midr:data:fmidr_10s059_301::1.0
P,urn:nasa:pds:magellan_midr:data:fmidr_10s065_1::1.0
P,urn:nasa:pds:magellan_midr:data:fmidr_10s065_301::1.0
P,urn:nasa:pds:magellan_midr:data:fmidr_10s070_1::1.0
P,urn:nasa:pds:magellan_midr:data:fmidr_10s070_301::1.0
P,urn:nasa:pds:magellan_midr:data:fmidr_10s076_1::1.0
P,urn:nasa:pds:magellan_midr:data:fmidr_10s076_301::1.0
P,urn:nasa:pds:magellan_midr:data:fmidr_10s082_1::1.0
P,urn:nasa:pds:magellan_midr:data:fmidr_10s082_301::1.0
P,urn:nasa:pds:magellan_midr:data:fmidr_10s087_1::1.0
P,urn:nasa:pds:magellan_midr:data:fmidr_10s087_201::1.0
P,urn:nasa:pds:magellan_midr:data:fmidr_10s087_301::1.0
P,urn:nasa:pds:magellan_midr:data:fmidr_10s093_1::1.0
P,urn:nasa:pds:magellan_midr:data:fmidr_10s093_301::1.0
P,urn:nasa:pds:magellan_midr:data:fmidr_10s098_1::1.0
P,urn:nasa:pds:magellan_midr:data:fmidr_10s099_301::1.0
P,urn:nasa:pds:magellan_midr:data:fmidr_10s104_1::1.0
P,urn:nasa:pds:magellan_midr:data:fmidr_10s115_201::1.0
P,urn:nasa:pds:magellan_midr:data:fmidr_10s132_1::1.0
P,urn:nasa:pds:magellan_midr:data:fmidr_10s132_301::1.0
P,urn:nasa:pds:magellan_midr:data:fmidr_10s144_1::1.0
P,urn:nasa:pds:magellan_midr:data:fmidr_10s144_301::1.0
P,urn:nasa:pds:magellan_midr:data:fmidr_10s155_1::1.0
P,urn:nasa:pds:magellan_midr:data:fmidr_10s155_301::1.0
P,urn:nasa:pds:magellan_midr:data:fmidr_10s177_1::1.0
P,urn:nasa:pds:magellan_midr:data:fmidr_10s177_201::1.0
P,urn:nasa:pds:magellan_midr:data:fmidr_10s177_301::1.0
P,urn:nasa:pds:magellan_midr:data:fmidr_10s183_1::1.0
P,urn:nasa:pds:magellan_midr:data:fmidr_10s183_201::1.0
P,urn:nasa:pds:magellan_midr:data:fmidr_10s188_1::1.0
P,urn:nasa:pds:magellan_midr:data:fmidr_10s200_1::1.0
P,urn:nasa:pds:magellan_midr:data:fmidr_10s211_1::1.0
P,urn:nasa:pds:magellan_midr:data:fmidr_10s245_1::1.0
P,urn:nasa:pds:magellan_midr:data:fmidr_10s250_1::1.0
P,urn:nasa:pds:magellan_midr:data:fmidr_10s267_1::1.0
P,urn:nasa:pds:magellan_midr:data:fmidr_10s273_1::1.0
P,urn:nasa:pds:magellan_midr:data:fmidr_10s279_1::1.0
P,urn:nasa:pds:magellan_midr:data:fmidr_10s284_1::1.0
P,urn:nasa:pds:magellan_midr:data:fmidr_10s290_1::1.0
P,urn:nasa:pds:magellan_midr:data:fmidr_10s301_1::1.0
P,urn:nasa:pds:magellan_midr:data:fmidr_10s307_1::1.0
P,urn:nasa:pds:magellan_midr:data:fmidr_10s324_301::1.0
P,urn:nasa:pds:magellan_midr:data:fmidr_15n014_1::1.0
P,urn:nasa:pds:magellan_midr:data:fmidr_15n014_301::1.0
P,urn:nasa:pds:magellan_midr:data:fmidr_15n020_1::1.0
P,urn:nasa:pds:magellan_midr:data:fmidr_15n020_301::1.0
P,urn:nasa:pds:magellan_midr:data:fmidr_15n037_201::1.0
P,urn:nasa:pds:magellan_midr:data:fmidr_15n037_301::1.0
P,urn:nasa:pds:magellan_midr:data:fmidr_15n043_201::1.0
P,urn:nasa:pds:magellan_midr:data:fmidr_15n043_301::1.0
P,urn:nasa:pds:magellan_midr:data:fmidr_15n049_201::1.0
P,urn:nasa:pds:magellan_midr:data:fmidr_15n049_301::1.0
P,urn:nasa:pds:magellan_midr:data:fmidr_15n054_201::1.0
P,urn:nasa:pds:magellan_midr:data:fmidr_15n054_301::1.0
P,urn:nasa:pds:magellan_midr:data:fmidr_15n111_1::1.0
P,urn:nasa:pds:magellan_midr:data:fmidr_15n112_201::1.0
P,urn:nasa:pds:magellan_midr:data:fmidr_15n129_1::1.0
P,urn:nasa:pds:magellan_midr:data:fmidr_15n169_1::1.0
P,urn:nasa:pds:magellan_midr:data:fmidr_15n169_301::1.0
P,urn:nasa:pds:magellan_midr:data:fmidr_15n174_1::1.0
P,urn:nasa:pds:magellan_midr:data:fmidr_15n174_301::1.0
P,urn:nasa:pds:magellan_midr:data:fmidr_15n186_1::1.0
P,urn:nasa:pds:magellan_midr:data:fmidr_15n191_1::1.0
P,urn:nasa:pds:magellan_midr:data:fmidr_15n197_1::1.0
P,urn:nasa:pds:magellan_midr:data:fmidr_15n203_1::1.0
P,urn:nasa:pds:magellan_midr:data:fmidr_15n220_1::1.0
P,urn:nasa:pds:magellan_midr:data:fmidr_15n237_1::1.0
P,urn:nasa:pds:magellan_midr:data:fmidr_15n249_1::1.0
P,urn:nasa:pds:magellan_midr:data:fmidr_15n260_1::1.0
P,urn:nasa:pds:magellan_midr:data:fmidr_15n266_1::1.0
P,urn:nasa:pds:magellan_midr:data:fmidr_15n283_1::1.0
P,urn:nasa:pds:magellan_midr:data:fmidr_15n312_1::1.0
P,urn:nasa:pds:magellan_midr:data:fmidr_15n340_1::1.0
P,urn:nasa:pds:magellan_midr:data:fmidr_15s020_1::1.0
P,urn:nasa:pds:magellan_midr:data:fmidr_15s049_201::1.0
P,urn:nasa:pds:magellan_midr:data:fmidr_15s054_201::1.0
P,urn:nasa:pds:magellan_midr:data:fmidr_15s060_201::1.0
P,urn:nasa:pds:magellan_midr:data:fmidr_15s077_1::1.0
P,urn:nasa:pds:magellan_midr:data:fmidr_15s077_202::1.0
P,urn:nasa:pds:magellan_midr:data:fmidr_15s094_1::1.0
P,urn:nasa:pds:magellan_midr:data:fmidr_15s094_301::1.0
P,urn:nasa:pds:magellan_midr:data:fmidr_15s106_1::1.0
P,urn:nasa:pds:magellan_midr:data:fmidr_15s112_201::1.0
P,urn:nasa:pds:magellan_midr:data:fmidr_15s117_201::1.0
P,urn:nasa:pds:magellan_midr:data:fmidr_15s123_1::1.0
P,urn:nasa:pds:magellan_midr:data:fmidr_15s129_1::1.0
P,urn:nasa:pds:magellan_midr:data:fmidr_15s134_1::1.0
P,urn:nasa:pds:magellan_midr:data:fmidr_15s134_301::1.0
P,urn:nasa:pds:magellan_midr:data:fmidr_15s140_1::1.0
P,urn:nasa:pds:magellan_midr:data:fmidr_15s140_301::1.0
P,urn:nasa:pds:magellan_midr:data:fmidr_15s146_1::1.0
P,urn:nasa:pds:magellan_midr:data:fmidr_15s152_1::1.0
P,urn:nasa:pds:magellan_midr:data:fmidr_15s157_1::1.0
P,urn:nasa:pds:magellan_midr:data:fmidr_15s157_201::1.0
P,urn:nasa:pds:magellan_midr:data:fmidr_15s157_301::1.0
P,urn:nasa:pds:magellan_midr:data:fmidr_15s163_1::1.0
P,urn:nasa:pds:magellan_midr:data:fmidr_15s163_201::1.0
P,urn:nasa:pds:magellan_midr:data:fmidr_15s163_301::1.0
P,urn:nasa:pds:magellan_midr:data:fmidr_15s169_1::1.0
P,urn:nasa:pds:magellan_midr:data:fmidr_15s169_201::1.0
P,urn:nasa:pds:magellan_midr:data:fmidr_15s169_301::1.0
P,urn:nasa:pds:magellan_midr:data:fmidr_15s174_1::1.0
P,urn:nasa:pds:magellan_midr:data:fmidr_15s174_201::1.0
P,urn:nasa:pds:magellan_midr:data:fmidr_15s174_301::1.0
P,urn:nasa:pds:magellan_midr:data:fmidr_15s180_1::1.0
P,urn:nasa:pds:magellan_midr:data:fmidr_15s180_201::1.0
P,urn:nasa:pds:magellan_midr:data:fmidr_15s214_1::1.0
P,urn:nasa:pds:magellan_midr:data:fmidr_15s214_201::1.0
P,urn:nasa:pds:magellan_midr:data:fmidr_15s220_1::1.0
P,urn:nasa:pds:magellan_midr:data:fmidr_15s226_1::1.0
P,urn:nasa:pds:magellan_midr:data:fmidr_15s237_1::1.0
P,urn:nasa:pds:magellan_midr:data:fmidr_15s243_1::1.0
P,urn:nasa:pds:magellan_midr:data:fmidr_15s249_1::1.0
P,urn:nasa:pds:magellan_midr:data:fmidr_15s254_1::1.0
P,urn:nasa:pds:magellan_midr:data:fmidr_15s260_1::1.0
P,urn:nasa:pds:magellan_midr:data:fmidr_15s277_1::1.0
P,urn:nasa:pds:magellan_midr:data:fmidr_15s283_1::1.0
P,urn:nasa:pds:magellan_midr:data:fmidr_15s289_1::1.0
P,urn:nasa:pds:magellan_midr:data:fmidr_15s323_301::1.0
P,urn:nasa:pds:magellan_midr:data:fmidr_15s329_301::1.0
P,urn:nasa:pds:magellan_midr:data:fmidr_20n003_1::1.0
P,urn:nasa:pds:magellan_midr:data:fmidr_20n003_301::1.0
P,urn:nasa:pds:magellan_midr:data:fmidr_20n003_302::1.0
P,urn:nasa:pds:magellan_midr:data:fmidr_20n038_201::1.0
P,urn:nasa:pds:magellan_midr:data:fmidr_20n038_301::1.0
P,urn:nasa:pds:magellan_midr:data:fmidr_20n044_201::1.0
P,urn:nasa:pds:magellan_midr:data:fmidr_20n044_301::1.0
P,urn:nasa:pds:magellan_midr:data:fmidr_20n050_201::1.0
P,urn:nasa:pds:magellan_midr:data:fmidr_20n080_1::1.0
P,urn:nasa:pds:magellan_midr:data:fmidr_20n080_201::1.0
P,urn:nasa:pds:magellan_midr:data:fmidr_20n080_202::1.0
P,urn:nasa:pds:magellan_midr:data:fmidr_20n080_301::1.0
P,urn:nasa:pds:magellan_midr:data:fmidr_20n097_1::1.0
P,urn:nasa:pds:magellan_midr:data:fmidr_20n097_301::1.0
P,urn:nasa:pds:magellan_midr:data:fmidr_20n145_1::1.0
P,urn:nasa:pds:magellan_midr:data:fmidr_20n145_301::1.0
P,urn:nasa:pds:magellan_midr:data:fmidr_20n174_1::1.0
P,urn:nasa:pds:magellan_midr:data:fmidr_20n186_1::1.0
P,urn:nasa:pds:magellan_midr:data:fmidr_20n192_1::1.0
P,urn:nasa:pds:magellan_midr:data:fmidr_20n198_1::1.0
P,urn:nasa:pds:magellan_midr:data:fmidr_20n204_1::1.0
P,urn:nasa:pds:magellan_midr:data:fmidr_20n227_1::1.0
P,urn:nasa:pds:magellan_midr:data:fmidr_20n233_1::1.0
P,urn:nasa:pds:magellan_midr:data:fmidr_20n239_1::1.0
P,urn:nasa:pds:magellan_midr:data:fmidr_20n269_1::1.0
P,urn:nasa:pds:magellan_midr:data:fmidr_20n275_1::1.0
P,urn:nasa:pds:magellan_midr:data:fmidr_20n280_1::1.0
P,urn:nasa:pds:magellan_midr:data:fmidr_20n286_1::1.0
P,urn:nasa:pds:magellan_midr:data:fmidr_20n292_1::1.0
P,urn:nasa:pds:magellan_midr:data:fmidr_20n328_1::1.0
P,urn:nasa:pds:magellan_midr:data:fmidr_20n334_1::1.0
P,urn:nasa:pds:magellan_midr:data:fmidr_20n334_201::1.0
P,urn:nasa:pds:magellan_midr:data:fmidr_20n351_1::1.0
P,urn:nasa:pds:magellan_midr:data:fmidr_20n351_301::1.0
P,urn:nasa:pds:magellan_midr:data:fmidr_20n357_1::1.0
P,urn:nasa:pds:magellan_midr:data:fmidr_20n357_301::1.0
P,urn:nasa:pds:magellan_midr:data:fmidr_20s003_1::1.0
P,urn:nasa:pds:magellan_midr:data:fmidr_20s033_1::1.0
P,urn:nasa:pds:magellan_midr:data:fmidr_20s103_1::1.0
P,urn:nasa:pds:magellan_midr:data:fmidr_20s109_201::1.0
P,urn:nasa:pds:magellan_midr:data:fmidr_20s121_1::1.0
P,urn:nasa:pds:magellan_midr:data:fmidr_20s127_1::1.0
P,urn:nasa:pds:magellan_midr:data:fmidr_20s139_1::1.0
P,urn:nasa:pds:magellan_midr:data:fmidr_20s139_301::1.0
P,urn:nasa:pds:magellan_midr:data:fmidr_20s145_1::1.0
P,urn:nasa:pds:magellan_midr:data:fmidr_20s145_301::1.0
P,urn:nasa:pds:magellan_midr:data:fmidr_20s156_1::1.0
P,urn:nasa:pds:magellan_midr:data:fmidr_20s156_301::1.0
P,urn:nasa:pds:magellan_midr:data:fmidr_20s162_1::1.0
P,urn:nasa:pds:magellan_midr:data:fmidr_20s162_201::1.0
P,urn:nasa:pds:magellan_midr:data:fmidr_20s162_301::1.0
P,urn:nasa:pds:magellan_midr:data:fmidr_20s168_1::1.0
P,urn:nasa:pds:magellan_midr:data:fmidr_20s168_201::1.0
P,urn:nasa:pds:magellan_midr:data:fmidr_20s168_301::1.0
P,urn:nasa:pds:magellan_midr:data:fmidr_20s174_1::1.0
P,urn:nasa:pds:magellan_midr:data:fmidr_20s174_201::1.0
P,urn:nasa:pds:magellan_midr:data:fmidr_20s174_301::1.0
P,urn:nasa:pds:magellan_midr:data:fmidr_20s180_1::1.0
P,urn:nasa:pds:magellan_midr:data:fmidr_20s180_201::1.0
P,urn:nasa:pds:magellan_midr:data:fmidr_20s204_1::1.0
P,urn:nasa:pds:magellan_midr:data:fmidr_20s210_1::1.0
P,urn:nasa:pds:magellan_midr:data:fmidr_20s221_1::1.0
P,urn:nasa:pds:magellan_midr:data:fmidr_20s221_201::1.0
P,urn:nasa:pds:magellan_midr:data:fmidr_20s227_1::1.0
P,urn:nasa:pds:magellan_midr:data:fmidr_20s227_201::1.0
P,urn:nasa:pds:magellan_midr:data:fmidr_20s233_1::1.0
P,urn:nasa:pds:magellan_midr:data:fmidr_20s245_1::1.0
P,urn:nasa:pds:magellan_midr:data:fmidr_20s251_1::1.0
P,urn:nasa:pds:magellan_midr:data:fmidr_20s257_1::1.0
P,urn:nasa:pds:magellan_midr:data:fmidr_20s280_1::1.0
P,urn:nasa:pds:magellan_midr:data:fmidr_20s286_1::1.0
P,urn:nasa:pds:magellan_midr:data:fmidr_20s322_301::1.0
P,urn:nasa:pds:magellan_midr:data:fmidr_20s357_1::1.0
P,urn:nasa:pds:magellan_midr:data:fmidr_25n003_1::1.0
P,urn:nasa:pds:magellan_midr:data:fmidr_25n003_301::1.0
P,urn:nasa:pds:magellan_midr:data:fmidr_25n003_302::1.0
P,urn:nasa:pds:magellan_midr:data:fmidr_25n028_1::1.0
P,urn:nasa:pds:magellan_midr:data:fmidr_25n046_201::1.0
P,urn:nasa:pds:magellan_midr:data:fmidr_25n052_201::1.0
P,urn:nasa:pds:magellan_midr:data:fmidr_25n082_1::1.0
P,urn:nasa:pds:magellan_midr:data:fmidr_25n082_301::1.0
P,urn:nasa:pds:magellan_midr:data:fmidr_25n089_1::1.0
P,urn:nasa:pds:magellan_midr:data:fmidr_25n089_301::1.0
P,urn:nasa:pds:magellan_midr:data:fmidr_25n119_1::1.0
P,urn:nasa:pds:magellan_midr:data:fmidr_25n119_201::1.0
P,urn:nasa:pds:magellan_midr:data:fmidr_25n143_1::1.0
P,urn:nasa:pds:magellan_midr:data:fmidr_25n143_301::1.0
P,urn:nasa:pds:magellan_midr:data:fmidr_25n174_1::1.0
P,urn:nasa:pds:magellan_midr:data:fmidr_25n186_1::1.0
P,urn:nasa:pds:magellan_midr:data:fmidr_25n205_1::1.0
P,urn:nasa:pds:magellan_midr:data:fmidr_25n211_1::1.0
P,urn:nasa:pds:magellan_midr:data:fmidr_25n223_1::1.0
P,urn:nasa:pds:magellan_midr:data:fmidr_25n229_1::1.0
P,urn:nasa:pds:magellan_midr:data:fmidr_25n259_1::1.0
P,urn:nasa:pds:magellan_midr:data:fmidr_25n272_1::1.0
P,urn:nasa:pds:magellan_midr:data:fmidr_25n278_1::1.0
P,urn:nasa:pds:magellan_midr:data:fmidr_25n284_1::1.0
P,urn:nasa:pds:magellan_midr:data:fmidr_25n296_1::1.0
P,urn:nasa:pds:magellan_midr:data:fmidr_25n333_1::1.0
P,urn:nasa:pds:magellan_midr:data:fmidr_25n333_201::1.0
P,urn:nasa:pds:magellan_midr:data:fmidr_25n345_1::1.0
P,urn:nasa:pds:magellan_midr:data:fmidr_25n345_301::1.0
P,urn:nasa:pds:magellan_midr:data:fmidr_25n351_1::1.0
P,urn:nasa:pds:magellan_midr:data:fmidr_25n351_301::1.0
P,urn:nasa:pds:magellan_midr:data:fmidr_25n357_1::1.0
P,urn:nasa:pds:magellan_midr:data:fmidr_25n357_301::1.0
P,urn:nasa:pds:magellan_midr:data:fmidr_25s003_1::1.0
P,urn:nasa:pds:magellan_midr:data:fmidr_25s009_1::1.0
P,urn:nasa:pds:magellan_midr:data:fmidr_25s034_1::1.0
P,urn:nasa:pds:magellan_midr:data:fmidr_25s082_1::1.0
P,urn:nasa:pds:magellan_midr:data:fmidr_25s082_301::1.0
P,urn:nasa:pds:magellan_midr:data:fmidr_25s095_1::1.0
P,urn:nasa:pds:magellan_midr:data:fmidr_25s101_1::1.0
P,urn:nasa:pds:magellan_midr:data:fmidr_25s131_1::1.0
P,urn:nasa:pds:magellan_midr:data:fmidr_25s131_201::1.0
P,urn:nasa:pds:magellan_midr:data:fmidr_25s137_1::1.0
P,urn:nasa:pds:magellan_midr:data:fmidr_25s137_301::1.0
P,urn:nasa:pds:magellan_midr:data:fmidr_25s156_1::1.0
P,urn:nasa:pds:magellan_midr:data:fmidr_25s156_301::1.0
P,urn:nasa:pds:magellan_midr:data:fmidr_25s162_1::1.0
P,urn:nasa:pds:magellan_midr:data:fmidr_25s162_301::1.0
P,urn:nasa:pds:magellan_midr:data:fmidr_25s168_1::1.0
P,urn:nasa:pds:magellan_midr:data:fmidr_25s168_201::1.0
P,urn:nasa:pds:magellan_midr:data:fmidr_25s168_202::1.0
P,urn:nasa:pds:magellan_midr:data:fmidr_25s168_301::1.0
P,urn:nasa:pds:magellan_midr:data:fmidr_25s174_1::1.0
P,urn:nasa:pds:magellan_midr:data:fmidr_25s174_201::1.0
P,urn:nasa:pds:magellan_midr:data:fmidr_25s174_301::1.0
P,urn:nasa:pds:magellan_midr:data:fmidr_25s192_1::1.0
P,urn:nasa:pds:magellan_midr:data:fmidr_25s198_1::1.0
P,urn:nasa:pds:magellan_midr:data:fmidr_25s198_201::1.0
P,urn:nasa:pds:magellan_midr:data:fmidr_25s198_202::1.0
P,urn:nasa:pds:magellan_midr:data:fmidr_25s247_1::1.0
P,urn:nasa:pds:magellan_midr:data:fmidr_25s253_1::1.0
P,urn:nasa:pds:magellan_midr:data:fmidr_25s259_1::1.0
P,urn:nasa:pds:magellan_midr:data:fmidr_25s296_1::1.0
P,urn:nasa:pds:magellan_midr:data:fmidr_25s302_1::1.0
P,urn:nasa:pds:magellan_midr:data:fmidr_25s320_301::1.0
P,urn:nasa:pds:magellan_midr:data:fmidr_25s327_301::1.0
P,urn:nasa:pds:magellan_midr:data:fmidr_25s345_1::1.0
P,urn:nasa:pds:magellan_midr:data:fmidr_25s357_1::1.0
P,urn:nasa:pds:magellan_midr:data:fmidr_27s339_1::1.0
P,urn:nasa:pds:magellan_midr:data:fmidr_30n035_201::1.0
P,urn:nasa:pds:magellan_midr:data:fmidr_30n041_201::1.0
P,urn:nasa:pds:magellan_midr:data:fmidr_30n047_201::1.0
P,urn:nasa:pds:magellan_midr:data:fmidr_30n054_201::1.0
P,urn:nasa:pds:magellan_midr:data:fmidr_30n054_301::1.0
P,urn:nasa:pds:magellan_midr:data:fmidr_30n066_1::1.0
P,urn:nasa:pds:magellan_midr:data:fmidr_30n085_1::1.0
P,urn:nasa:pds:magellan_midr:data:fmidr_30n085_301::1.0
P,urn:nasa:pds:magellan_midr:data:fmidr_30n123_1::1.0
P,urn:nasa:pds:magellan_midr:data:fmidr_30n161_1::1.0
P,urn:nasa:pds:magellan_midr:data:fmidr_30n161_301::1.0
P,urn:nasa:pds:magellan_midr:data:fmidr_30n167_1::1.0
P,urn:nasa:pds:magellan_midr:data:fmidr_30n167_301::1.0
P,urn:nasa:pds:magellan_midr:data:fmidr_30n174_1::1.0
P,urn:nasa:pds:magellan_midr:data:fmidr_30n237_1::1.0
P,urn:nasa:pds:magellan_midr:data:fmidr_30n256_1::1.0
P,urn:nasa:pds:magellan_midr:data:fmidr_30n262_1::1.0
P,urn:nasa:pds:magellan_midr:data:fmidr_30n269_1::1.0
P,urn:nasa:pds:magellan_midr:data:fmidr_30n275_1::1.0
P,urn:nasa:pds:magellan_midr:data:fmidr_30n281_1::1.0
P,urn:nasa:pds:magellan_midr:data:fmidr_30n287_1::1.0
P,urn:nasa:pds:magellan_midr:data:fmidr_30n294_1::1.0
P,urn:nasa:pds:magellan_midr:data:fmidr_30n300_1::1.0
P,urn:nasa:pds:magellan_midr:data:fmidr_30n332_1::1.0
P,urn:nasa:pds:magellan_midr:data:fmidr_30s003_1::1.0
P,urn:nasa:pds:magellan_midr:data:fmidr_30s009_1::1.0
P,urn:nasa:pds:magellan_midr:data:fmidr_30s022_1::1.0
P,urn:nasa:pds:magellan_midr:data:fmidr_30s041_201::1.0
P,urn:nasa:pds:magellan_midr:data:fmidr_30s085_1::1.0
P,urn:nasa:pds:magellan_midr:data:fmidr_30s098_201::1.0
P,urn:nasa:pds:magellan_midr:data:fmidr_30s104_1::1.0
P,urn:nasa:pds:magellan_midr:data:fmidr_30s129_1::1.0
P,urn:nasa:pds:magellan_midr:data:fmidr_30s136_1::1.0
P,urn:nasa:pds:magellan_midr:data:fmidr_30s136_301::1.0
P,urn:nasa:pds:magellan_midr:data:fmidr_30s142_1::1.0
P,urn:nasa:pds:magellan_midr:data:fmidr_30s142_201::1.0
P,urn:nasa:pds:magellan_midr:data:fmidr_30s142_202::1.0
P,urn:nasa:pds:magellan_midr:data:fmidr_30s142_301::1.0
P,urn:nasa:pds:magellan_midr:data:fmidr_30s155_1::1.0
P,urn:nasa:pds:magellan_midr:data:fmidr_30s161_1::1.0
P,urn:nasa:pds:magellan_midr:data:fmidr_30s161_301::1.0
P,urn:nasa:pds:magellan_midr:data:fmidr_30s205_1::1.0
P,urn:nasa:pds:magellan_midr:data:fmidr_30s205_201::1.0
P,urn:nasa:pds:magellan_midr:data:fmidr_30s212_1::1.0
P,urn:nasa:pds:magellan_midr:data:fmidr_30s218_1::1.0
P,urn:nasa:pds:magellan_midr:data:fmidr_30s218_201::1.0
P,urn:nasa:pds:magellan_midr:data:fmidr_30s262_1::1.0
P,urn:nasa:pds:magellan_midr:data:fmidr_30s269_1::1.0
P,urn:nasa:pds:magellan_midr:data:fmidr_30s275_1::1.0
P,urn:nasa:pds:magellan_midr:data:fmidr_30s287_1::1.0
P,urn:nasa:pds:magellan_midr:data:fmidr_30s325_301::1.0
P,urn:nasa:pds:magellan_midr:data:fmidr_30s332_301::1.0
P,urn:nasa:pds:magellan_midr:data:fmidr_30s357_1::1.0
P,urn:nasa:pds:magellan_midr:data:fmidr_35n050_201::1.0
P,urn:nasa:pds:magellan_midr:data:fmidr_35n077_1::1.0
P,urn:nasa:pds:magellan_midr:data:fmidr_35n077_201::1.0
P,urn:nasa:pds:magellan_midr:data:fmidr_35n077_301::1.0
P,urn:nasa:pds:magellan_midr:data:fmidr_35n083_1::1.0
P,urn:nasa:pds:magellan_midr:data:fmidr_35n083_301::1.0
P,urn:nasa:pds:magellan_midr:data:fmidr_35n090_1::1.0
P,urn:nasa:pds:magellan_midr:data:fmidr_35n090_301::1.0
P,urn:nasa:pds:magellan_midr:data:fmidr_35n150_1::1.0
P,urn:nasa:pds:magellan_midr:data:fmidr_35n150_301::1.0
P,urn:nasa:pds:magellan_midr:data:fmidr_35n157_1::1.0
P,urn:nasa:pds:magellan_midr:data:fmidr_35n157_301::1.0
P,urn:nasa:pds:magellan_midr:data:fmidr_35n163_1::1.0
P,urn:nasa:pds:magellan_midr:data:fmidr_35n163_301::1.0
P,urn:nasa:pds:magellan_midr:data:fmidr_35n170_1::1.0
P,urn:nasa:pds:magellan_midr:data:fmidr_35n170_301::1.0
P,urn:nasa:pds:magellan_midr:data:fmidr_35n197_1::1.0
P,urn:nasa:pds:magellan_midr:data:fmidr_35n210_1::1.0
P,urn:nasa:pds:magellan_midr:data:fmidr_35n230_1::1.0
P,urn:nasa:pds:magellan_midr:data:fmidr_35n270_1::1.0
P,urn:nasa:pds:magellan_midr:data:fmidr_35n277_1::1.0
P,urn:nasa:pds:magellan_midr:data:fmidr_35n283_1::1.0
P,urn:nasa:pds:magellan_midr:data:fmidr_35n290_1::1.0
P,urn:nasa:pds:magellan_midr:data:fmidr_35n297_1::1.0
P,urn:nasa:pds:magellan_midr:data:fmidr_35n303_1::1.0
P,urn:nasa:pds:magellan_midr:data:fmidr_35n330_1::1.0
P,urn:nasa:pds:magellan_midr:data:fmidr_35s003_1::1.0
P,urn:nasa:pds:magellan_midr:data:fmidr_35s043_201::1.0
P,urn:nasa:pds:magellan_midr:data:fmidr_35s083_1::1.0
P,urn:nasa:pds:magellan_midr:data:fmidr_35s083_301::1.0
P,urn:nasa:pds:magellan_midr:data:fmidr_35s090_1::1.0
P,urn:nasa:pds:magellan_midr:data:fmidr_35s090_301::1.0
P,urn:nasa:pds:magellan_midr:data:fmidr_35s130_1::1.0
P,urn:nasa:pds:magellan_midr:data:fmidr_35s137_1::1.0
P,urn:nasa:pds:magellan_midr:data:fmidr_35s137_201::1.0
P,urn:nasa:pds:magellan_midr:data:fmidr_35s137_301::1.0
P,urn:nasa:pds:magellan_midr:data:fmidr_35s143_1::1.0
P,urn:nasa:pds:magellan_midr:data:fmidr_35s143_201::1.0
P,urn:nasa:pds:magellan_midr:data:fmidr_35s143_202::1.0
P,urn:nasa:pds:magellan_midr:data:fmidr_35s143_301::1.0
P,urn:nasa:pds:magellan_midr:data:fmidr_35s157_1::1.0
P,urn:nasa:pds:magellan_midr:data:fmidr_35s157_301::1.0
P,urn:nasa:pds:magellan_midr:data:fmidr_35s163_1::1.0
P,urn:nasa:pds:magellan_midr:data:fmidr_35s163_301::1.0
P,urn:nasa:pds:magellan_midr:data:fmidr_35s170_1::1.0
P,urn:nasa:pds:magellan_midr:data:fmidr_35s170_301::1.0
P,urn:nasa:pds:magellan_midr:data:fmidr_35s203_1::1.0
P,urn:nasa:pds:magellan_midr:data:fmidr_35s243_1::1.0
P,urn:nasa:pds:magellan_midr:data:fmidr_35s250_1::1.0
P,urn:nasa:pds:magellan_midr:data:fmidr_35s270_1::1.0
P,urn:nasa:pds:magellan_midr:data:fmidr_35s277_1::1.0
P,urn:nasa:pds:magellan_midr:data:fmidr_35s283_1::1.0
P,urn:nasa:pds:magellan_midr:data:fmidr_35s290_1::1.0
P,urn:nasa:pds:magellan_midr:data:fmidr_35s297_1::1.0
P,urn:nasa:pds:magellan_midr:data:fmidr_35s323_301::1.0
P,urn:nasa:pds:magellan_midr:data:fmidr_35s330_301::1.0
P,urn:nasa:pds:magellan_midr:data:fmidr_35s357_1::1.0
P,urn:nasa:pds:magellan_midr:data:fmidr_40n018_1::1.0
P,urn:nasa:pds:magellan_midr:data:fmidr_40n025_1::1.0
P,urn:nasa:pds:magellan_midr:data:fmidr_40n046_201::1.0
P,urn:nasa:pds:magellan_midr:data:fmidr_40n053_201::1.0
P,urn:nasa:pds:magellan_midr:data:fmidr_40n081_1::1.0
P,urn:nasa:pds:magellan_midr:data:fmidr_40n088_1::1.0
P,urn:nasa:pds:magellan_midr:data:fmidr_40n088_201::1.0
P,urn:nasa:pds:magellan_midr:data:fmidr_40n088_301::1.0
P,urn:nasa:pds:magellan_midr:data:fmidr_40n138_1::1.0
P,urn:nasa:pds:magellan_midr:data:fmidr_40n138_301::1.0
P,urn:nasa:pds:magellan_midr:data:fmidr_40n159_1::1.0
P,urn:nasa:pds:magellan_midr:data:fmidr_40n159_301::1.0
P,urn:nasa:pds:magellan_midr:data:fmidr_40n166_1::1.0
P,urn:nasa:pds:magellan_midr:data:fmidr_40n166_301::1.0
P,urn:nasa:pds:magellan_midr:data:fmidr_40n194_1::1.0
P,urn:nasa:pds:magellan_midr:data:fmidr_40n230_1::1.0
P,urn:nasa:pds:magellan_midr:data:fmidr_40n244_1::1.0
P,urn:nasa:pds:magellan_midr:data:fmidr_40n251_1::1.0
P,urn:nasa:pds:magellan_midr:data:fmidr_40n272_1::1.0
P,urn:nasa:pds:magellan_midr:data:fmidr_40n279_1::1.0
P,urn:nasa:pds:magellan_midr:data:fmidr_40n286_1::1.0
P,urn:nasa:pds:magellan_midr:data:fmidr_40n321_1::1.0
P,urn:nasa:pds:magellan_midr:data:fmidr_40s004_1::1.0
P,urn:nasa:pds:magellan_midr:data:fmidr_40s011_1::1.0
P,urn:nasa:pds:magellan_midr:data:fmidr_40s074_1::1.0
P,urn:nasa:pds:magellan_midr:data:fmidr_40s074_301::1.0
P,urn:nasa:pds:magellan_midr:data:fmidr_40s131_1::1.0
P,urn:nasa:pds:magellan_midr:data:fmidr_40s138_1::1.0
P,urn:nasa:pds:magellan_midr:data:fmidr_40s138_201::1.0
P,urn:nasa:pds:magellan_midr:data:fmidr_40s138_301::1.0
P,urn:nasa:pds:magellan_midr:data:fmidr_40s145_1::1.0
P,urn:nasa:pds:magellan_midr:data:fmidr_40s145_201::1.0
P,urn:nasa:pds:magellan_midr:data:fmidr_40s145_301::1.0
P,urn:nasa:pds:magellan_midr:data:fmidr_40s166_1::1.0
P,urn:nasa:pds:magellan_midr:data:fmidr_40s201_1::1.0
P,urn:nasa:pds:magellan_midr:data:fmidr_40s208_1::1.0
P,urn:nasa:pds:magellan_midr:data:fmidr_40s222_1::1.0
P,urn:nasa:pds:magellan_midr:data:fmidr_40s230_1::1.0
P,urn:nasa:pds:magellan_midr:data:fmidr_40s244_1::1.0
P,urn:nasa:pds:magellan_midr:data:fmidr_40s272_1::1.0
P,urn:nasa:pds:magellan_midr:data:fmidr_40s279_1::1.0
P,urn:nasa:pds:magellan_midr:data:fmidr_40s286_1::1.0
P,urn:nasa:pds:magellan_midr:data:fmidr_40s293_1::1.0
P,urn:nasa:pds:magellan_midr:data:fmidr_40s300_1::1.0
P,urn:nasa:pds:magellan_midr:data:fmidr_40s321_301::1.0
P,urn:nasa:pds:magellan_midr:data:fmidr_40s328_301::1.0
P,urn:nasa:pds:magellan_midr:data:fmidr_40s342_1::1.0
P,urn:nasa:pds:magellan_midr:data:fmidr_40s349_1::1.0
P,urn:nasa:pds:magellan_midr:data:fmidr_45n004_1::1.0
P,urn:nasa:pds:magellan_midr:data:fmidr_45n019_1::1.0
P,urn:nasa:pds:magellan_midr:data:fmidr_45n080_1::1.0
P,urn:nasa:pds:magellan_midr:data:fmidr_45n081_201::1.0
P,urn:nasa:pds:magellan_midr:data:fmidr_45n088_1::1.0
P,urn:nasa:pds:magellan_midr:data:fmidr_45n088_201::1.0
P,urn:nasa:pds:magellan_midr:data:fmidr_45n119_1::1.0
P,urn:nasa:pds:magellan_midr:data:fmidr_45n126_1::1.0
P,urn:nasa:pds:magellan_midr:data:fmidr_45n157_1::1.0
P,urn:nasa:pds:magellan_midr:data:fmidr_45n188_1::1.0
P,urn:nasa:pds:magellan_midr:data:fmidr_45n195_1::1.0
P,urn:nasa:pds:magellan_midr:data:fmidr_45n211_1::1.0
P,urn:nasa:pds:magellan_midr:data:fmidr_45n241_2::1.0
P,urn:nasa:pds:magellan_midr:data:fmidr_45n249_1::1.0
P,urn:nasa:pds:magellan_midr:data:fmidr_45n295_1::1.0
P,urn:nasa:pds:magellan_midr:data:fmidr_45s012_1::1.0
P,urn:nasa:pds:magellan_midr:data:fmidr_45s019_1::1.0
P,urn:nasa:pds:magellan_midr:data:fmidr_45s019_201::1.0
P,urn:nasa:pds:magellan_midr:data:fmidr_45s111_1::1.0
P,urn:nasa:pds:magellan_midr:data:fmidr_45s142_1::1.0
P,urn:nasa:pds:magellan_midr:data:fmidr_45s211_1::1.0
P,urn:nasa:pds:magellan_midr:data:fmidr_45s211_201::1.0
P,urn:nasa:pds:magellan_midr:data:fmidr_45s218_1::1.0
P,urn:nasa:pds:magellan_midr:data:fmidr_45s218_201::1.0
P,urn:nasa:pds:magellan_midr:data:fmidr_45s226_1::1.0
P,urn:nasa:pds:magellan_midr:data:fmidr_45s226_201::1.0
P,urn:nasa:pds:magellan_midr:data:fmidr_45s234_1::1.0
P,urn:nasa:pds:magellan_midr:data:fmidr_45s234_201::1.0
P,urn:nasa:pds:magellan_midr:data:fmidr_45s234_202::1.0
P,urn:nasa:pds:magellan_midr:data:fmidr_45s234_301::1.0
P,urn:nasa:pds:magellan_midr:data:fmidr_45s280_1::1.0
P,urn:nasa:pds:magellan_midr:data:fmidr_45s349_1::1.0
P,urn:nasa:pds:magellan_midr:data:fmidr_45s349_201::1.0
P,urn:nasa:pds:magellan_midr:data:fmidr_50n021_1::1.0
P,urn:nasa:pds:magellan_midr:data:fmidr_50n054_1::1.0
P,urn:nasa:pds:magellan_midr:data:fmidr_50n147_1::1.0
P,urn:nasa:pds:magellan_midr:data:fmidr_50n163_1::1.0
P,urn:nasa:pds:magellan_midr:data:fmidr_50n172_1::1.0
P,urn:nasa:pds:magellan_midr:data:fmidr_50n180_1::1.0
P,urn:nasa:pds:magellan_midr:data:fmidr_50n197_1::1.0
P,urn:nasa:pds:magellan_midr:data:fmidr_50n205_1::1.0
P,urn:nasa:pds:magellan_midr:data:fmidr_50n247_1::1.0
P,urn:nasa:pds:magellan_midr:data:fmidr_50n264_1::1.0
P,urn:nasa:pds:magellan_midr:data:fmidr_50n297_1::1.0
P,urn:nasa:pds:magellan_midr:data:fmidr_50n306_1::1.0
P,urn:nasa:pds:magellan_midr:data:fmidr_50n356_1::1.0
P,urn:nasa:pds:magellan_midr:data:fmidr_50n356_301::1.0
P,urn:nasa:pds:magellan_midr:data:fmidr_50s013_1::1.0
P,urn:nasa:pds:magellan_midr:data:fmidr_50s013_201::1.0
P,urn:nasa:pds:magellan_midr:data:fmidr_50s021_1::1.0
P,urn:nasa:pds:magellan_midr:data:fmidr_50s021_201::1.0
P,urn:nasa:pds:magellan_midr:data:fmidr_50s088_1::1.0
P,urn:nasa:pds:magellan_midr:data:fmidr_50s147_1::1.0
P,urn:nasa:pds:magellan_midr:data:fmidr_50s180_1::1.0
P,urn:nasa:pds:magellan_midr:data:fmidr_50s188_1::1.0
P,urn:nasa:pds:magellan_midr:data:fmidr_50s230_1::1.0
P,urn:nasa:pds:magellan_midr:data:fmidr_50s230_201::1.0
P,urn:nasa:pds:magellan_midr:data:fmidr_50s230_202::1.0
P,urn:nasa:pds:magellan_midr:data:fmidr_50s272_1::1.0
P,urn:nasa:pds:magellan_midr:data:fmidr_50s345_1::1.0
P,urn:nasa:pds:magellan_midr:data:fmidr_50s345_2::1.0
P,urn:nasa:pds:magellan_midr:data:fmidr_50s348_201::1.0
P,urn:nasa:pds:magellan_midr:data:fmidr_50s356_1::1.0
P,urn:nasa:pds:magellan_midr:data:fmidr_50s356_201::1.0
P,urn:nasa:pds:magellan_midr:data:fmidr_55n023_1::1.0
P,urn:nasa:pds:magellan_midr:data:fmidr_55n060_1::1.0
P,urn:nasa:pds:magellan_midr:data:fmidr_55n152_1::1.0
P,urn:nasa:pds:magellan_midr:data:fmidr_55n171_1::1.0
P,urn:nasa:pds:magellan_midr:data:fmidr_55n180_1::1.0
P,urn:nasa:pds:magellan_midr:data:fmidr_55n208_1::1.0
P,urn:nasa:pds:magellan_midr:data:fmidr_55n236_1::1.0
P,urn:nasa:pds:magellan_midr:data:fmidr_55n263_1::1.0
P,urn:nasa:pds:magellan_midr:data:fmidr_55n291_1::1.0
P,urn:nasa:pds:magellan_midr:data:fmidr_55n319_1::1.0
P,urn:nasa:pds:magellan_midr:data:fmidr_55n328_1::1.0
P,urn:nasa:pds:magellan_midr:data:fmidr_55n337_1::1.0
P,urn:nasa:pds:magellan_midr:data:fmidr_55n337_201::1.0
P,urn:nasa:pds:magellan_midr:data:fmidr_55n337_2::1.0
P,urn:nasa:pds:magellan_midr:data:fmidr_55n346_1::1.0
P,urn:nasa:pds:magellan_midr:data:fmidr_55s014_1::1.0
P,urn:nasa:pds:magellan_midr:data:fmidr_55s014_201::1.0
P,urn:nasa:pds:magellan_midr:data:fmidr_55s097_1::1.0
P,urn:nasa:pds:magellan_midr:data:fmidr_55s097_201::1.0
P,urn:nasa:pds:magellan_midr:data:fmidr_55s097_202::1.0
P,urn:nasa:pds:magellan_midr:data:fmidr_55s171_1::1.0
P,urn:nasa:pds:magellan_midr:data:fmidr_55s180_1::1.0
P,urn:nasa:pds:magellan_midr:data:fmidr_55s199_1::1.0
P,urn:nasa:pds:magellan_midr:data:fmidr_55s199_201::1.0
P,urn:nasa:pds:magellan_midr:data:fmidr_55s319_201::1.0
P,urn:nasa:pds:magellan_midr:data:fmidr_55s328_201::1.0
P,urn:nasa:pds:magellan_midr:data:fmidr_55s355_1::1.0
P,urn:nasa:pds:magellan_midr:data:fmidr_55s356_201::1.0
P,urn:nasa:pds:magellan_midr:data:fmidr_60n005_1::1.0
P,urn:nasa:pds:magellan_midr:data:fmidr_60n005_301::1.0
P,urn:nasa:pds:magellan_midr:data:fmidr_60n016_1::1.0
P,urn:nasa:pds:magellan_midr:data:fmidr_60n026_1::1.0
P,urn:nasa:pds:magellan_midr:data:fmidr_60n026_301::1.0
P,urn:nasa:pds:magellan_midr:data:fmidr_60n111_1::1.0
P,urn:nasa:pds:magellan_midr:data:fmidr_60n132_1::1.0
P,urn:nasa:pds:magellan_midr:data:fmidr_60n164_1::1.0
P,urn:nasa:pds:magellan_midr:data:fmidr_60n207_1::1.0
P,urn:nasa:pds:magellan_midr:data:fmidr_60n270_1::1.0
P,urn:nasa:pds:magellan_midr:data:fmidr_60n281_1::1.0
P,urn:nasa:pds:magellan_midr:data:fmidr_60n302_1::1.0
P,urn:nasa:pds:magellan_midr:data:fmidr_60n312_1::1.0
P,urn:nasa:pds:magellan_midr:data:fmidr_60n323_1::1.0
P,urn:nasa:pds:magellan_midr:data:fmidr_60n334_1::1.0
P,urn:nasa:pds:magellan_midr:data:fmidr_60n334_2::1.0
P,urn:nasa:pds:magellan_midr:data:fmidr_60n344_1::1.0
P,urn:nasa:pds:magellan_midr:data:fmidr_60n355_1::1.0
P,urn:nasa:pds:magellan_midr:data:fmidr_60n355_301::1.0
P,urn:nasa:pds:magellan_midr:data:fmidr_60s005_1::1.0
P,urn:nasa:pds:magellan_midr:data:fmidr_60s016_1::1.0
P,urn:nasa:pds:magellan_midr:data:fmidr_60s016_201::1.0
P,urn:nasa:pds:magellan_midr:data:fmidr_60s101_201::1.0
P,urn:nasa:pds:magellan_midr:data:fmidr_60s164_1::1.0
P,urn:nasa:pds:magellan_midr:data:fmidr_60s175_1::1.0
P,urn:nasa:pds:magellan_midr:data:fmidr_60s175_201::1.0
P,urn:nasa:pds:magellan_midr:data:fmidr_60s185_1::1.0
P,urn:nasa:pds:magellan_midr:data:fmidr_60s185_201::1.0
P,urn:nasa:pds:magellan_midr:data:fmidr_60s196_1::1.0
P,urn:nasa:pds:magellan_midr:data:fmidr_60s196_201::1.0
P,urn:nasa:pds:magellan_midr:data:fmidr_60s207_1::1.0
P,urn:nasa:pds:magellan_midr:data:fmidr_60s207_201::1.0
P,urn:nasa:pds:magellan_midr:data:fmidr_60s355_1::1.0
P,urn:nasa:pds:magellan_midr:data:fmidr_65n006_1::1.0
P,urn:nasa:pds:magellan_midr:data:fmidr_65n018_1::1.0
P,urn:nasa:pds:magellan_midr:data:fmidr_65n102_1::1.0
P,urn:nasa:pds:magellan_midr:data:fmidr_65n102_201::1.0
P,urn:nasa:pds:magellan_midr:data:fmidr_65n114_1::1.0
P,urn:nasa:pds:magellan_midr:data:fmidr_65n126_1::1.0
P,urn:nasa:pds:magellan_midr:data:fmidr_65n162_1::1.0
P,urn:nasa:pds:magellan_midr:data:fmidr_65n186_1::1.0
P,urn:nasa:pds:magellan_midr:data:fmidr_65n198_1::1.0
P,urn:nasa:pds:magellan_midr:data:fmidr_65n294_1::1.0
P,urn:nasa:pds:magellan_midr:data:fmidr_65n306_1::1.0
P,urn:nasa:pds:magellan_midr:data:fmidr_65n318_1::1.0
P,urn:nasa:pds:magellan_midr:data:fmidr_65n330_1::1.0
P,urn:nasa:pds:magellan_midr:data:fmidr_65n330_2::1.0
P,urn:nasa:pds:magellan_midr:data:fmidr_65n342_1::1.0
P,urn:nasa:pds:magellan_midr:data:fmidr_65n354_1::1.0
P,urn:nasa:pds:magellan_midr:data:fmidr_65n354_301::1.0
P,urn:nasa:pds:magellan_midr:data:fmidr_65s005_2::1.0
P,urn:nasa:pds:magellan_midr:data:fmidr_65s006_201::1.0
P,urn:nasa:pds:magellan_midr:data:fmidr_65s114_1::1.0
P,urn:nasa:pds:magellan_midr:data:fmidr_65s114_201::1.0
P,urn:nasa:pds:magellan_midr:data:fmidr_65s186_1::1.0
P,urn:nasa:pds:magellan_midr:data:fmidr_65s186_201::1.0
P,urn:nasa:pds:magellan_midr:data:fmidr_65s354_1::1.0
P,urn:nasa:pds:magellan_midr:data:fmidr_70n007_1::1.0
P,urn:nasa:pds:magellan_midr:data:fmidr_70n296_1::1.0
P,urn:nasa:pds:magellan_midr:data:fmidr_70n310_1::1.0
P,urn:nasa:pds:magellan_midr:data:fmidr_70n324_1::1.0
P,urn:nasa:pds:magellan_midr:data:fmidr_70n339_1::1.0
P,urn:nasa:pds:magellan_midr:data:fmidr_70n353_1::1.0
P,urn:nasa:pds:magellan_midr:data:fmidr_70n353_301::1.0
P,urn:nasa:pds:magellan_midr:data:fmidr_75n237_1::1.0
P,urn:nasa:pds:magellan_midr:data:fmidr_75n313_1::1.0
P,urn:nasa:pds:magellan_midr:data:fmidr_75n332_1::1.0
P,urn:nasa:pds:magellan_midr:data:fmidr_75n332_2::1.0
P,urn:nasa:pds:magellan_midr:data:fmidr_75n351_1::1.0
P,urn:nasa:pds:magellan_midr:data:fmidr_75n351_301::1.0
P,urn:nasa:pds:magellan_midr:data:pmidr_north::1.0
P,urn:nasa:pds:magellan_midr:data:pmidr_south::1.0
